Time,PSZ-AC:1:DesPer 1:Des Heat Mass Flow [kg/s],PSZ-AC:1:DesPer 1:Des Heat Cap [W],PSZ-AC:1:DesPer 1:Des Cool Mass Flow [kg/s],PSZ-AC:1:DesPer 1:Des Sens Cool Cap [W],PSZ-AC:1:DesPer 1:Des Tot Cool Cap [W],PSZ-AC:1:DesPer 2:Des Heat Mass Flow [kg/s],PSZ-AC:1:DesPer 2:Des Heat Cap [W],PSZ-AC:1:DesPer 2:Des Cool Mass Flow [kg/s],PSZ-AC:1:DesPer 2:Des Sens Cool Cap [W],PSZ-AC:1:DesPer 2:Des Tot Cool Cap [W],PSZ-AC:2:DesPer 1:Des Heat Mass Flow [kg/s],PSZ-AC:2:DesPer 1:Des Heat Cap [W],PSZ-AC:2:DesPer 1:Des Cool Mass Flow [kg/s],PSZ-AC:2:DesPer 1:Des Sens Cool Cap [W],PSZ-AC:2:DesPer 1:Des Tot Cool Cap [W],PSZ-AC:2:DesPer 2:Des Heat Mass Flow [kg/s],PSZ-AC:2:DesPer 2:Des Heat Cap [W],PSZ-AC:2:DesPer 2:Des Cool Mass Flow [kg/s],PSZ-AC:2:DesPer 2:Des Sens Cool Cap [W],PSZ-AC:2:DesPer 2:Des Tot Cool Cap [W],PSZ-AC:3:DesPer 1:Des Heat Mass Flow [kg/s],PSZ-AC:3:DesPer 1:Des Heat Cap [W],PSZ-AC:3:DesPer 1:Des Cool Mass Flow [kg/s],PSZ-AC:3:DesPer 1:Des Sens Cool Cap [W],PSZ-AC:3:DesPer 1:Des Tot Cool Cap [W],PSZ-AC:3:DesPer 2:Des Heat Mass Flow [kg/s],PSZ-AC:3:DesPer 2:Des Heat Cap [W],PSZ-AC:3:DesPer 2:Des Cool Mass Flow [kg/s],PSZ-AC:3:DesPer 2:Des Sens Cool Cap [W],PSZ-AC:3:DesPer 2:Des Tot Cool Cap [W],PSZ-AC:4:DesPer 1:Des Heat Mass Flow [kg/s],PSZ-AC:4:DesPer 1:Des Heat Cap [W],PSZ-AC:4:DesPer 1:Des Cool Mass Flow [kg/s],PSZ-AC:4:DesPer 1:Des Sens Cool Cap [W],PSZ-AC:4:DesPer 1:Des Tot Cool Cap [W],PSZ-AC:4:DesPer 2:Des Heat Mass Flow [kg/s],PSZ-AC:4:DesPer 2:Des Heat Cap [W],PSZ-AC:4:DesPer 2:Des Cool Mass Flow [kg/s],PSZ-AC:4:DesPer 2:Des Sens Cool Cap [W],PSZ-AC:4:DesPer 2:Des Tot Cool Cap [W]
00:10:00,3.975630E-01,1.906306E+04,2.904702E-01,0.000000E+00,0.000000E+00,2.904702E-01,5.084284E+03,2.904702E-01,2.854893E+03,6.484608E+03,2.371128E+00,1.341431E+05,2.371128E+00,0.000000E+00,0.000000E+00,2.371128E+00,4.150336E+04,2.371128E+00,2.330469E+04,5.293430E+04,3.497440E-01,1.574238E+04,2.234262E-01,0.000000E+00,0.000000E+00,2.234262E-01,3.910771E+03,2.734581E-01,3.032458E+03,6.169744E+03,3.493076E-01,1.573166E+04,2.234262E-01,0.000000E+00,0.000000E+00,2.234262E-01,3.910771E+03,2.234262E-01,2.195950E+03,4.987883E+03
00:20:00,4.138253E-01,1.946246E+04,2.904702E-01,0.000000E+00,0.000000E+00,2.904702E-01,5.111429E+03,2.904702E-01,2.827748E+03,6.456673E+03,2.371128E+00,1.341431E+05,2.371128E+00,0.000000E+00,0.000000E+00,2.371128E+00,4.172494E+04,2.371128E+00,2.308310E+04,5.270626E+04,3.563753E-01,1.590525E+04,2.234262E-01,0.000000E+00,0.000000E+00,2.234262E-01,3.931650E+03,2.763447E-01,3.059836E+03,6.226082E+03,3.559338E-01,1.589441E+04,2.234262E-01,0.000000E+00,0.000000E+00,2.234262E-01,3.931650E+03,2.234262E-01,2.175070E+03,4.966396E+03
00:30:00,4.290127E-01,1.983546E+04,2.904702E-01,0.000000E+00,0.000000E+00,2.904702E-01,5.138574E+03,2.904702E-01,2.800603E+03,6.428737E+03,2.371128E+00,1.341431E+05,2.371128E+00,0.000000E+00,0.000000E+00,2.371128E+00,4.194653E+04,2.371128E+00,2.286151E+04,5.247822E+04,3.627475E-01,1.606176E+04,2.234262E-01,0.000000E+00,0.000000E+00,2.234262E-01,3.952530E+03,2.788886E-01,3.081485E+03,6.274506E+03,3.623016E-01,1.605081E+04,2.234262E-01,0.000000E+00,0.000000E+00,2.234262E-01,3.952530E+03,2.234262E-01,2.154190E+03,4.944908E+03
00:40:00,4.432515E-01,2.018517E+04,2.904702E-01,0.000000E+00,0.000000E+00,2.904702E-01,5.165719E+03,2.904702E-01,2.773458E+03,6.400802E+03,2.371128E+00,1.341431E+05,2.371128E+00,0.000000E+00,0.000000E+00,2.371128E+00,4.216812E+04,2.371128E+00,2.263993E+04,5.225018E+04,3.688724E-01,1.621220E+04,2.234262E-01,0.000000E+00,0.000000E+00,2.234262E-01,3.973409E+03,2.811369E-01,3.098192E+03,6.315928E+03,3.684226E-01,1.620115E+04,2.234262E-01,0.000000E+00,0.000000E+00,2.234262E-01,3.973409E+03,2.234262E-01,2.133311E+03,4.923420E+03
00:50:00,4.567034E-01,2.051555E+04,2.904702E-01,0.000000E+00,0.000000E+00,2.904702E-01,5.192864E+03,2.904702E-01,2.746313E+03,6.372870E+03,2.371128E+00,1.341431E+05,2.371128E+00,0.000000E+00,0.000000E+00,2.371128E+00,4.238970E+04,2.371128E+00,2.241834E+04,5.202218E+04,3.747895E-01,1.635753E+04,2.234262E-01,0.000000E+00,0.000000E+00,2.234262E-01,3.994289E+03,2.831439E-01,3.110863E+03,6.351502E+03,3.743362E-01,1.634639E+04,2.234262E-01,0.000000E+00,0.000000E+00,2.234262E-01,3.994289E+03,2.234262E-01,2.112431E+03,4.901936E+03
01:00:00,4.694689E-01,2.082907E+04,2.904702E-01,0.000000E+00,0.000000E+00,2.904702E-01,5.220009E+03,2.904702E-01,2.719168E+03,6.344935E+03,2.371128E+00,1.341431E+05,2.371128E+00,0.000000E+00,0.000000E+00,2.371128E+00,4.261129E+04,2.371128E+00,2.219676E+04,5.179414E+04,3.805216E-01,1.649832E+04,2.234262E-01,0.000000E+00,0.000000E+00,2.234262E-01,4.015169E+03,2.849472E-01,3.120131E+03,6.382020E+03,3.800651E-01,1.648710E+04,2.234262E-01,0.000000E+00,0.000000E+00,2.234262E-01,4.015169E+03,2.234262E-01,2.091552E+03,4.880448E+03
01:10:00,4.819215E-01,2.113491E+04,2.904702E-01,0.000000E+00,0.000000E+00,2.904702E-01,5.238106E+03,2.904702E-01,2.701072E+03,6.326308E+03,2.371128E+00,1.341431E+05,2.371128E+00,0.000000E+00,0.000000E+00,2.371128E+00,4.275901E+04,2.371128E+00,2.204903E+04,5.164208E+04,3.861897E-01,1.663753E+04,2.234262E-01,0.000000E+00,0.000000E+00,2.234262E-01,4.029088E+03,2.868002E-01,3.137187E+03,6.420758E+03,3.857306E-01,1.662626E+04,2.234262E-01,0.000000E+00,0.000000E+00,2.234262E-01,4.029088E+03,2.234262E-01,2.077632E+03,4.866120E+03
01:20:00,4.937828E-01,2.142623E+04,2.904702E-01,0.000000E+00,0.000000E+00,2.904702E-01,5.256202E+03,2.904702E-01,2.682975E+03,6.307685E+03,2.371128E+00,1.341431E+05,2.371128E+00,0.000000E+00,0.000000E+00,2.371128E+00,4.290674E+04,2.371128E+00,2.190131E+04,5.149007E+04,3.916882E-01,1.677258E+04,2.234262E-01,0.000000E+00,0.000000E+00,2.234262E-01,4.043008E+03,2.885102E-01,3.151854E+03,6.455818E+03,3.912267E-01,1.676125E+04,2.234262E-01,0.000000E+00,0.000000E+00,2.234262E-01,4.043008E+03,2.234262E-01,2.063712E+03,4.851796E+03
01:30:00,5.051089E-01,2.170441E+04,2.904702E-01,0.000000E+00,0.000000E+00,2.904702E-01,5.274299E+03,2.904702E-01,2.664878E+03,6.289064E+03,2.371128E+00,1.341431E+05,2.371128E+00,0.000000E+00,0.000000E+00,2.371128E+00,4.305446E+04,2.371128E+00,2.175358E+04,5.133806E+04,3.970330E-01,1.690386E+04,2.234262E-01,0.000000E+00,0.000000E+00,2.234262E-01,4.056928E+03,2.901030E-01,3.164562E+03,6.487778E+03,3.965695E-01,1.689248E+04,2.234262E-01,0.000000E+00,0.000000E+00,2.234262E-01,4.056928E+03,2.234262E-01,2.049792E+03,4.837473E+03
01:40:00,5.159324E-01,2.197024E+04,2.904702E-01,0.000000E+00,0.000000E+00,2.904702E-01,5.292396E+03,2.904702E-01,2.646782E+03,6.270441E+03,2.371128E+00,1.341431E+05,2.371128E+00,0.000000E+00,0.000000E+00,2.371128E+00,4.320219E+04,2.371128E+00,2.160586E+04,5.118604E+04,4.022320E-01,1.703155E+04,2.234262E-01,0.000000E+00,0.000000E+00,2.234262E-01,4.070847E+03,2.916072E-01,3.175786E+03,6.517305E+03,4.017668E-01,1.702013E+04,2.234262E-01,0.000000E+00,0.000000E+00,2.234262E-01,4.070847E+03,2.234262E-01,2.035873E+03,4.823149E+03
01:50:00,5.262680E-01,2.222409E+04,2.904702E-01,0.000000E+00,0.000000E+00,2.904702E-01,5.310492E+03,2.904702E-01,2.628685E+03,6.251819E+03,2.371128E+00,1.341431E+05,2.371128E+00,0.000000E+00,0.000000E+00,2.371128E+00,4.334991E+04,2.371128E+00,2.145813E+04,5.103403E+04,4.072859E-01,1.715569E+04,2.234262E-01,0.000000E+00,0.000000E+00,2.234262E-01,4.084767E+03,2.930399E-01,3.185818E+03,6.544811E+03,4.068197E-01,1.714424E+04,2.234262E-01,0.000000E+00,0.000000E+00,2.234262E-01,4.084767E+03,2.234262E-01,2.021953E+03,4.808825E+03
02:00:00,5.361172E-01,2.246600E+04,2.904702E-01,0.000000E+00,0.000000E+00,2.904702E-01,5.328589E+03,2.904702E-01,2.610588E+03,6.233192E+03,2.371128E+00,1.341431E+05,2.371128E+00,0.000000E+00,0.000000E+00,2.371128E+00,4.349764E+04,2.371128E+00,2.131041E+04,5.088198E+04,4.121827E-01,1.727596E+04,2.234262E-01,0.000000E+00,0.000000E+00,2.234262E-01,4.098687E+03,2.944170E-01,3.194918E+03,6.570667E+03,4.117175E-01,1.726453E+04,2.234262E-01,0.000000E+00,0.000000E+00,2.234262E-01,4.098687E+03,2.234262E-01,2.008033E+03,4.794497E+03
02:10:00,5.454456E-01,2.269511E+04,2.904702E-01,0.000000E+00,0.000000E+00,2.904702E-01,5.342161E+03,2.904702E-01,2.597016E+03,6.219227E+03,2.371128E+00,1.341431E+05,2.371128E+00,0.000000E+00,0.000000E+00,2.371128E+00,4.360843E+04,2.371128E+00,2.119962E+04,5.076798E+04,4.169481E-01,1.739300E+04,2.234262E-01,0.000000E+00,0.000000E+00,2.234262E-01,4.109127E+03,2.957201E-01,3.206261E+03,6.597998E+03,4.164806E-01,1.738152E+04,2.234262E-01,0.000000E+00,0.000000E+00,2.234262E-01,4.109127E+03,2.234262E-01,1.997594E+03,4.783755E+03
02:20:00,5.542067E-01,2.291029E+04,2.904702E-01,0.000000E+00,0.000000E+00,2.904702E-01,5.355734E+03,2.904702E-01,2.583443E+03,6.205257E+03,2.371128E+00,1.341431E+05,2.371128E+00,0.000000E+00,0.000000E+00,2.371128E+00,4.371922E+04,2.371128E+00,2.108882E+04,5.065394E+04,4.216142E-01,1.750761E+04,2.234262E-01,0.000000E+00,0.000000E+00,2.234262E-01,4.119567E+03,2.969687E-01,3.216693E+03,6.623689E+03,4.211444E-01,1.749607E+04,2.234262E-01,0.000000E+00,0.000000E+00,2.234262E-01,4.119567E+03,2.234262E-01,1.987154E+03,4.773010E+03
02:30:00,5.624005E-01,2.311154E+04,2.904702E-01,0.000000E+00,0.000000E+00,2.904702E-01,5.369306E+03,2.904702E-01,2.569871E+03,6.191291E+03,2.371128E+00,1.341431E+05,2.371128E+00,0.000000E+00,0.000000E+00,2.371128E+00,4.383001E+04,2.371128E+00,2.097803E+04,5.053993E+04,4.262003E-01,1.762025E+04,2.234262E-01,0.000000E+00,0.000000E+00,2.234262E-01,4.130006E+03,2.981756E-01,3.226430E+03,6.648067E+03,4.257278E-01,1.760865E+04,2.234262E-01,0.000000E+00,0.000000E+00,2.234262E-01,4.130006E+03,2.234262E-01,1.976714E+03,4.762267E+03
02:40:00,5.703185E-01,2.330602E+04,2.904702E-01,0.000000E+00,0.000000E+00,2.904702E-01,5.382879E+03,2.904702E-01,2.556298E+03,6.177326E+03,2.371128E+00,1.341431E+05,2.371128E+00,0.000000E+00,0.000000E+00,2.371128E+00,4.394081E+04,2.371128E+00,2.086724E+04,5.042594E+04,4.307214E-01,1.773130E+04,2.234262E-01,0.000000E+00,0.000000E+00,2.234262E-01,4.140446E+03,2.993428E-01,3.235502E+03,6.671181E+03,4.302457E-01,1.771961E+04,2.234262E-01,0.000000E+00,0.000000E+00,2.234262E-01,4.140446E+03,2.234262E-01,1.966274E+03,4.751526E+03
02:50:00,5.780478E-01,2.349586E+04,2.904702E-01,0.000000E+00,0.000000E+00,2.904702E-01,5.396451E+03,2.904702E-01,2.542726E+03,6.163357E+03,2.371128E+00,1.341431E+05,2.371128E+00,0.000000E+00,0.000000E+00,2.371128E+00,4.405160E+04,2.371128E+00,2.075644E+04,5.031190E+04,4.351939E-01,1.784115E+04,2.234262E-01,0.000000E+00,0.000000E+00,2.234262E-01,4.150886E+03,3.004761E-01,3.244006E+03,6.693171E+03,4.347144E-01,1.782937E+04,2.234262E-01,0.000000E+00,0.000000E+00,2.234262E-01,4.150886E+03,2.234262E-01,1.955834E+03,4.740780E+03
03:00:00,5.856780E-01,2.368327E+04,2.904702E-01,0.000000E+00,0.000000E+00,2.904702E-01,5.410024E+03,2.904702E-01,2.529153E+03,6.149390E+03,2.371128E+00,1.341431E+05,2.371128E+00,0.000000E+00,0.000000E+00,2.371128E+00,4.416239E+04,2.371128E+00,2.064565E+04,5.019789E+04,4.396394E-01,1.795033E+04,2.234262E-01,0.000000E+00,0.000000E+00,2.234262E-01,4.161326E+03,3.015779E-01,3.251985E+03,6.714119E+03,4.391540E-01,1.793841E+04,2.234262E-01,0.000000E+00,0.000000E+00,2.234262E-01,4.161326E+03,2.234262E-01,1.945395E+03,4.730038E+03
03:10:00,5.933231E-01,2.387104E+04,2.904702E-01,0.000000E+00,0.000000E+00,2.904702E-01,5.423596E+03,2.904702E-01,2.515581E+03,6.135421E+03,2.371128E+00,1.341431E+05,2.371128E+00,0.000000E+00,0.000000E+00,2.371128E+00,4.427319E+04,2.371128E+00,2.053486E+04,5.008386E+04,4.440437E-01,1.805851E+04,2.234262E-01,0.000000E+00,0.000000E+00,2.234262E-01,4.171766E+03,3.026268E-01,3.259080E+03,6.733478E+03,4.435557E-01,1.804652E+04,2.234262E-01,0.000000E+00,0.000000E+00,2.234262E-01,4.171766E+03,2.234262E-01,1.934955E+03,4.719292E+03
03:20:00,6.011288E-01,2.406275E+04,2.904702E-01,0.000000E+00,0.000000E+00,2.904702E-01,5.437169E+03,2.904702E-01,2.502008E+03,6.121455E+03,2.371128E+00,1.341431E+05,2.371128E+00,0.000000E+00,0.000000E+00,2.371128E+00,4.438398E+04,2.371128E+00,2.042406E+04,4.996986E+04,4.483981E-01,1.816546E+04,2.234262E-01,0.000000E+00,0.000000E+00,2.234262E-01,4.182205E+03,3.036298E-01,3.265407E+03,6.751437E+03,4.479073E-01,1.815340E+04,2.234262E-01,0.000000E+00,0.000000E+00,2.234262E-01,4.182205E+03,2.234262E-01,1.924515E+03,4.708550E+03
03:30:00,6.091705E-01,2.426026E+04,2.904702E-01,0.000000E+00,0.000000E+00,2.904702E-01,5.450741E+03,2.904702E-01,2.488436E+03,6.107486E+03,2.371128E+00,1.341431E+05,2.371128E+00,0.000000E+00,0.000000E+00,2.371128E+00,4.449477E+04,2.371128E+00,2.031327E+04,4.985582E+04,4.526989E-01,1.827109E+04,2.234262E-01,0.000000E+00,0.000000E+00,2.234262E-01,4.192645E+03,3.045889E-01,3.271000E+03,6.768050E+03,4.522058E-01,1.825898E+04,2.234262E-01,0.000000E+00,0.000000E+00,2.234262E-01,4.192645E+03,2.234262E-01,1.914075E+03,4.697805E+03
03:40:00,6.172193E-01,2.445795E+04,2.904702E-01,0.000000E+00,0.000000E+00,2.904702E-01,5.464314E+03,2.904702E-01,2.474863E+03,6.093520E+03,2.371128E+00,1.341431E+05,2.371128E+00,0.000000E+00,0.000000E+00,2.371128E+00,4.460557E+04,2.371128E+00,2.020248E+04,4.974182E+04,4.569439E-01,1.837535E+04,2.234262E-01,0.000000E+00,0.000000E+00,2.234262E-01,4.203085E+03,3.055045E-01,3.275866E+03,6.783341E+03,4.564487E-01,1.836319E+04,2.234262E-01,0.000000E+00,0.000000E+00,2.234262E-01,4.203085E+03,2.234262E-01,1.903635E+03,4.687063E+03
03:50:00,6.252372E-01,2.465488E+04,2.904702E-01,0.000000E+00,0.000000E+00,2.904702E-01,5.477886E+03,2.904702E-01,2.461291E+03,6.079555E+03,2.371128E+00,1.341431E+05,2.371128E+00,0.000000E+00,0.000000E+00,2.371128E+00,4.471636E+04,2.371128E+00,2.009169E+04,4.962782E+04,4.611268E-01,1.847809E+04,2.234262E-01,0.000000E+00,0.000000E+00,2.234262E-01,4.213525E+03,3.063775E-01,3.280018E+03,6.797336E+03,4.606298E-01,1.846588E+04,2.234262E-01,0.000000E+00,0.000000E+00,2.234262E-01,4.213525E+03,2.234262E-01,1.893196E+03,4.676321E+03
04:00:00,6.331815E-01,2.484999E+04,2.904702E-01,0.000000E+00,0.000000E+00,2.904702E-01,5.491459E+03,2.904702E-01,2.447718E+03,6.065585E+03,2.371128E+00,1.341431E+05,2.371128E+00,0.000000E+00,0.000000E+00,2.371128E+00,4.482715E+04,2.371128E+00,1.998089E+04,4.951378E+04,4.652509E-01,1.857938E+04,2.234262E-01,0.000000E+00,0.000000E+00,2.234262E-01,4.223965E+03,3.072138E-01,3.283560E+03,6.810194E+03,4.647522E-01,1.856713E+04,2.234262E-01,0.000000E+00,0.000000E+00,2.234262E-01,4.223965E+03,2.234262E-01,1.882756E+03,4.665575E+03
04:10:00,6.410607E-01,2.504352E+04,2.904702E-01,0.000000E+00,0.000000E+00,2.904702E-01,5.500507E+03,2.904702E-01,2.438670E+03,6.056277E+03,2.371128E+00,1.341431E+05,2.371128E+00,0.000000E+00,0.000000E+00,2.371128E+00,4.490102E+04,2.371128E+00,1.990703E+04,4.943780E+04,4.693170E-01,1.867925E+04,2.234262E-01,0.000000E+00,0.000000E+00,2.234262E-01,4.230924E+03,3.080382E-01,3.290381E+03,6.826143E+03,4.688168E-01,1.866696E+04,2.234262E-01,0.000000E+00,0.000000E+00,2.234262E-01,4.230924E+03,2.234262E-01,1.875796E+03,4.658416E+03
04:20:00,6.489015E-01,2.523609E+04,2.904702E-01,0.000000E+00,0.000000E+00,2.904702E-01,5.509555E+03,2.904702E-01,2.429622E+03,6.046963E+03,2.371128E+00,1.341431E+05,2.371128E+00,0.000000E+00,0.000000E+00,2.371128E+00,4.497488E+04,2.371128E+00,1.983317E+04,4.936178E+04,4.733246E-01,1.877768E+04,2.234262E-01,0.000000E+00,0.000000E+00,2.234262E-01,4.237884E+03,3.088504E-01,3.296999E+03,6.841592E+03,4.728231E-01,1.876536E+04,2.234262E-01,0.000000E+00,0.000000E+00,2.234262E-01,4.237884E+03,2.234262E-01,1.868836E+03,4.651252E+03
04:30:00,6.567108E-01,2.542790E+04,2.904702E-01,0.000000E+00,0.000000E+00,2.904702E-01,5.518604E+03,2.904702E-01,2.420573E+03,6.037650E+03,2.371128E+00,1.341431E+05,2.371128E+00,0.000000E+00,0.000000E+00,2.371128E+00,4.504874E+04,2.371128E+00,1.975931E+04,4.928575E+04,4.772734E-01,1.887467E+04,2.234262E-01,0.000000E+00,0.000000E+00,2.234262E-01,4.244844E+03,3.096487E-01,3.303382E+03,6.856503E+03,4.767708E-01,1.886232E+04,2.234262E-01,0.000000E+00,0.000000E+00,2.234262E-01,4.244844E+03,2.234262E-01,1.861876E+03,4.644088E+03
04:40:00,6.644906E-01,2.561898E+04,2.904702E-01,0.000000E+00,0.000000E+00,2.904702E-01,5.527652E+03,2.904702E-01,2.411525E+03,6.028342E+03,2.371128E+00,1.341431E+05,2.371128E+00,0.000000E+00,0.000000E+00,2.371128E+00,4.512260E+04,2.371128E+00,1.968544E+04,4.920976E+04,4.811592E-01,1.897011E+04,2.234262E-01,0.000000E+00,0.000000E+00,2.234262E-01,4.251804E+03,3.104305E-01,3.309492E+03,6.870827E+03,4.806557E-01,1.895774E+04,2.234262E-01,0.000000E+00,0.000000E+00,2.234262E-01,4.251804E+03,2.234262E-01,1.854916E+03,4.636928E+03
04:50:00,6.722610E-01,2.580983E+04,2.904702E-01,0.000000E+00,0.000000E+00,2.904702E-01,5.536700E+03,2.904702E-01,2.402477E+03,6.019028E+03,2.371128E+00,1.341431E+05,2.371128E+00,0.000000E+00,0.000000E+00,2.371128E+00,4.519646E+04,2.371128E+00,1.961158E+04,4.913374E+04,4.849854E-01,1.906408E+04,2.234262E-01,0.000000E+00,0.000000E+00,2.234262E-01,4.258764E+03,3.115193E-01,3.320734E+03,6.892876E+03,4.844810E-01,1.905169E+04,2.234262E-01,0.000000E+00,0.000000E+00,2.234262E-01,4.258764E+03,2.234262E-01,1.847956E+03,4.629764E+03
05:00:00,6.800518E-01,2.600118E+04,2.904702E-01,0.000000E+00,0.000000E+00,2.904702E-01,5.545749E+03,2.904702E-01,2.393428E+03,6.009719E+03,2.371128E+00,1.341431E+05,2.371128E+00,0.000000E+00,0.000000E+00,2.371128E+00,4.527033E+04,2.371128E+00,1.953772E+04,4.905775E+04,4.887530E-01,1.915662E+04,2.234262E-01,0.000000E+00,0.000000E+00,2.234262E-01,4.265724E+03,3.129011E-01,3.336874E+03,6.922194E+03,4.882480E-01,1.914421E+04,2.234262E-01,0.000000E+00,0.000000E+00,2.234262E-01,4.265724E+03,2.234262E-01,1.840997E+03,4.622604E+03
05:10:00,6.878461E-01,2.619261E+04,2.904702E-01,0.000000E+00,0.000000E+00,2.904702E-01,5.536700E+03,2.904702E-01,2.402477E+03,6.019028E+03,2.371128E+00,1.341431E+05,2.371128E+00,0.000000E+00,0.000000E+00,2.371128E+00,4.519646E+04,2.371128E+00,1.961158E+04,4.913374E+04,4.924620E-01,1.924771E+04,2.234262E-01,0.000000E+00,0.000000E+00,2.234262E-01,4.258764E+03,3.147124E-01,3.374115E+03,6.976536E+03,4.919565E-01,1.923530E+04,2.234262E-01,0.000000E+00,0.000000E+00,2.234262E-01,4.258764E+03,2.234262E-01,1.847956E+03,4.629764E+03
05:20:00,6.956096E-01,2.638329E+04,2.904702E-01,0.000000E+00,0.000000E+00,2.904702E-01,5.527652E+03,2.904702E-01,2.411525E+03,6.028342E+03,2.371128E+00,1.341431E+05,2.371128E+00,0.000000E+00,0.000000E+00,2.371128E+00,4.512260E+04,2.371128E+00,1.968544E+04,4.920976E+04,4.961121E-01,1.933736E+04,2.234262E-01,0.000000E+00,0.000000E+00,2.234262E-01,4.251804E+03,3.169324E-01,3.418186E+03,7.040978E+03,4.956063E-01,1.932494E+04,2.234262E-01,0.000000E+00,0.000000E+00,2.234262E-01,4.251804E+03,2.234262E-01,1.854916E+03,4.636928E+03
05:30:00,7.033253E-01,2.657279E+04,2.904702E-01,0.000000E+00,0.000000E+00,2.904702E-01,5.518604E+03,2.904702E-01,2.420573E+03,6.037650E+03,2.371128E+00,1.341431E+05,2.371128E+00,0.000000E+00,0.000000E+00,2.371128E+00,4.504874E+04,2.371128E+00,1.975931E+04,4.928575E+04,4.997001E-01,1.942549E+04,2.234262E-01,0.000000E+00,0.000000E+00,2.234262E-01,4.244844E+03,3.196054E-01,3.469831E+03,7.116626E+03,4.991941E-01,1.941306E+04,2.234262E-01,0.000000E+00,0.000000E+00,2.234262E-01,4.244844E+03,2.234262E-01,1.861876E+03,4.644088E+03
05:40:00,7.109899E-01,2.676104E+04,2.904702E-01,0.000000E+00,0.000000E+00,2.904702E-01,5.509555E+03,2.904702E-01,2.429622E+03,6.046963E+03,2.371128E+00,1.341431E+05,2.371128E+00,0.000000E+00,0.000000E+00,2.371128E+00,4.497488E+04,2.371128E+00,1.983317E+04,4.936178E+04,5.032281E-01,1.951214E+04,2.234262E-01,0.000000E+00,0.000000E+00,2.234262E-01,4.237884E+03,3.226202E-01,3.527191E+03,7.200598E+03,5.027222E-01,1.949971E+04,2.234262E-01,0.000000E+00,0.000000E+00,2.234262E-01,4.237884E+03,2.234262E-01,1.868836E+03,4.651252E+03
05:50:00,7.185995E-01,2.694794E+04,2.904702E-01,0.000000E+00,0.000000E+00,2.904702E-01,5.500507E+03,2.904702E-01,2.438670E+03,6.056277E+03,2.371128E+00,1.341431E+05,2.371128E+00,0.000000E+00,0.000000E+00,2.371128E+00,4.490102E+04,2.371128E+00,1.990703E+04,4.943780E+04,5.066966E-01,1.959733E+04,2.234262E-01,0.000000E+00,0.000000E+00,2.234262E-01,4.230924E+03,3.256669E-01,3.585082E+03,7.284959E+03,5.061909E-01,1.958491E+04,2.234262E-01,0.000000E+00,0.000000E+00,2.234262E-01,4.230924E+03,2.234262E-01,1.875796E+03,4.658416E+03
06:00:00,7.261484E-01,2.713335E+04,2.904702E-01,0.000000E+00,0.000000E+00,2.904702E-01,5.491459E+03,2.904702E-01,2.447718E+03,6.065585E+03,2.371128E+00,1.341431E+05,2.371128E+00,0.000000E+00,0.000000E+00,2.371128E+00,4.482715E+04,2.371128E+00,1.998089E+04,4.951378E+04,5.101040E-01,1.968101E+04,2.234262E-01,0.000000E+00,0.000000E+00,2.234262E-01,4.223965E+03,3.288944E-01,3.645995E+03,7.373557E+03,5.095988E-01,1.966861E+04,2.234262E-01,0.000000E+00,0.000000E+00,2.234262E-01,4.223965E+03,2.234262E-01,1.882756E+03,4.665575E+03
06:10:00,1.277272E+00,4.056560E+04,2.904702E-01,0.000000E+00,0.000000E+00,2.904702E-01,5.459790E+03,4.928193E-01,5.540768E+03,1.073146E+04,2.371128E+00,1.341431E+05,2.371128E+00,0.000000E+00,0.000000E+00,2.371128E+00,4.456864E+04,2.371128E+00,2.023941E+04,4.977984E+04,7.441916E-01,2.532001E+04,2.234262E-01,0.000000E+00,0.000000E+00,2.234262E-01,4.199605E+03,6.030799E-01,8.062337E+03,1.358016E+04,7.437548E-01,2.530938E+04,2.234262E-01,0.000000E+00,0.000000E+00,2.234262E-01,4.199605E+03,2.234262E-01,1.907115E+03,4.690645E+03
06:20:00,1.489376E+00,4.517076E+04,2.904702E-01,0.000000E+00,0.000000E+00,2.904702E-01,5.428121E+03,5.395154E-01,6.211027E+03,1.174733E+04,2.371128E+00,1.341431E+05,2.371128E+00,0.000000E+00,0.000000E+00,2.371128E+00,4.431012E+04,2.885328E+00,2.857848E+04,6.693458E+04,8.544422E-01,2.770257E+04,2.234262E-01,0.000000E+00,0.000000E+00,2.234262E-01,4.175245E+03,7.064662E-01,9.530154E+03,1.565867E+04,8.539755E-01,2.769143E+04,2.234262E-01,0.000000E+00,0.000000E+00,2.234262E-01,4.175245E+03,2.234262E-01,1.931475E+03,4.715714E+03
06:30:00,1.901180E+00,5.429433E+04,2.904702E-01,0.000000E+00,0.000000E+00,2.904702E-01,5.396451E+03,6.138638E-01,7.265415E+03,1.337273E+04,2.904244E+00,1.452975E+05,2.371128E+00,0.000000E+00,0.000000E+00,2.371128E+00,4.405160E+04,3.244797E+00,3.413013E+04,7.847400E+04,1.022043E+00,3.133263E+04,2.234262E-01,0.000000E+00,0.000000E+00,2.234262E-01,4.150886E+03,8.201615E-01,1.106582E+04,1.785234E+04,1.021551E+00,3.132112E+04,2.234262E-01,0.000000E+00,0.000000E+00,2.234262E-01,4.150886E+03,2.234262E-01,1.955834E+03,4.740780E+03
06:40:00,2.079530E+00,5.765748E+04,2.904702E-01,0.000000E+00,0.000000E+00,2.904702E-01,5.364782E+03,7.035827E-01,8.504726E+03,1.526706E+04,3.187594E+00,1.516065E+05,2.371128E+00,0.000000E+00,0.000000E+00,2.371128E+00,4.379308E+04,5.090760E+00,6.165666E+04,1.371413E+05,1.111622E+00,3.301753E+04,2.234262E-01,0.000000E+00,0.000000E+00,2.234262E-01,4.126526E+03,9.267267E-01,1.239093E+04,1.962244E+04,1.111105E+00,3.300567E+04,2.234262E-01,0.000000E+00,0.000000E+00,2.234262E-01,4.126526E+03,2.234262E-01,1.980194E+03,4.765849E+03
06:50:00,2.272050E+00,6.117472E+04,2.904702E-01,0.000000E+00,0.000000E+00,2.904702E-01,5.333113E+03,8.066794E-01,9.886307E+03,1.739815E+04,3.481736E+00,1.584150E+05,2.371128E+00,0.000000E+00,0.000000E+00,2.371128E+00,4.353457E+04,5.529941E+00,6.731235E+04,1.498434E+05,1.203723E+00,3.467590E+04,2.234262E-01,0.000000E+00,0.000000E+00,2.234262E-01,4.102167E+03,1.043751E+00,1.376687E+04,2.157359E+04,1.203182E+00,3.466374E+04,2.234262E-01,0.000000E+00,0.000000E+00,2.234262E-01,4.102167E+03,2.236116E-01,2.007153E+03,4.796799E+03
07:00:00,2.460863E+00,6.443139E+04,2.904702E-01,0.000000E+00,0.000000E+00,2.904702E-01,5.301444E+03,9.090953E-01,1.120437E+04,1.938610E+04,3.797055E+00,1.659700E+05,2.371128E+00,0.000000E+00,0.000000E+00,2.371128E+00,4.327605E+04,6.067872E+00,7.403805E+04,1.639335E+05,1.293880E+00,3.620601E+04,2.234262E-01,0.000000E+00,0.000000E+00,2.234262E-01,4.077807E+03,1.160166E+00,1.502570E+04,2.308409E+04,1.293315E+00,3.619359E+04,2.234262E-01,0.000000E+00,0.000000E+00,2.234262E-01,4.077807E+03,2.555756E-01,2.474484E+03,5.822629E+03
07:10:00,2.800937E+00,7.037655E+04,2.904702E-01,0.000000E+00,0.000000E+00,2.904702E-01,5.224533E+03,1.415887E+00,1.779719E+04,2.757605E+04,4.873197E+00,1.892115E+05,2.371128E+00,0.000000E+00,0.000000E+00,2.371128E+00,4.264822E+04,1.030859E+01,1.280069E+05,2.522644E+05,1.449279E+00,3.899682E+04,2.234262E-01,0.000000E+00,0.000000E+00,2.234262E-01,4.018649E+03,1.451374E+00,1.864561E+04,2.626186E+04,1.448594E+00,3.898208E+04,2.234262E-01,0.000000E+00,0.000000E+00,2.234262E-01,4.018649E+03,5.188680E-01,6.047548E+03,1.265650E+04
07:20:00,3.135533E+00,7.626294E+04,2.904702E-01,0.000000E+00,0.000000E+00,2.904702E-01,5.147622E+03,1.870946E+00,2.323666E+04,3.512743E+04,5.748282E+00,2.059758E+05,2.371128E+00,0.000000E+00,0.000000E+00,2.371128E+00,4.202039E+04,9.535095E+00,1.152037E+05,2.263308E+05,1.595817E+00,4.151503E+04,2.234262E-01,0.000000E+00,0.000000E+00,2.234262E-01,3.959490E+03,1.738687E+00,2.188702E+04,3.010288E+04,1.595106E+00,4.150003E+04,2.234262E-01,0.000000E+00,0.000000E+00,2.234262E-01,3.959490E+03,7.114296E-01,8.456981E+03,1.727112E+04
07:30:00,3.376407E+00,7.989187E+04,2.904702E-01,0.000000E+00,0.000000E+00,2.904702E-01,5.070712E+03,2.668353E+00,3.254102E+04,4.771205E+04,6.939504E+00,2.291866E+05,2.371128E+00,0.000000E+00,0.000000E+00,2.371128E+00,4.139257E+04,1.278935E+01,1.534508E+05,2.927912E+05,1.714976E+00,4.332775E+04,2.234262E-01,0.000000E+00,0.000000E+00,2.234262E-01,3.900331E+03,2.070869E+00,2.541494E+04,3.392705E+04,1.714255E+00,4.331288E+04,2.234262E-01,0.000000E+00,0.000000E+00,2.234262E-01,3.900331E+03,1.048837E+00,1.250030E+04,2.467497E+04
07:40:00,3.648856E+00,8.393024E+04,2.904702E-01,0.000000E+00,0.000000E+00,2.904702E-01,4.993801E+03,2.989664E+00,3.536878E+04,5.161510E+04,7.545794E+00,2.393915E+05,2.371128E+00,0.000000E+00,0.000000E+00,2.371128E+00,4.076474E+04,1.266836E+01,1.477596E+05,2.817257E+05,1.838583E+00,4.511866E+04,2.234262E-01,0.000000E+00,0.000000E+00,2.234262E-01,3.841172E+03,2.291636E+00,2.728369E+04,3.613924E+04,1.837839E+00,4.510367E+04,2.234262E-01,0.000000E+00,0.000000E+00,2.234262E-01,3.841172E+03,1.190949E+00,1.387957E+04,2.721037E+04
07:50:00,3.905165E+00,8.739857E+04,2.904702E-01,0.000000E+00,0.000000E+00,2.904702E-01,4.916890E+03,3.332090E+00,3.814222E+04,5.441370E+04,8.254789E+00,2.510730E+05,2.371128E+00,0.000000E+00,0.000000E+00,2.371128E+00,4.013691E+04,1.410330E+01,1.601777E+05,2.947747E+05,1.956926E+00,4.669120E+04,2.234262E-01,0.000000E+00,0.000000E+00,2.234262E-01,3.782013E+03,2.501253E+00,2.881816E+04,3.724207E+04,1.956162E+00,4.667617E+04,2.234262E-01,0.000000E+00,0.000000E+00,2.234262E-01,3.782013E+03,1.346032E+00,1.527695E+04,2.878193E+04
08:00:00,4.155482E+00,9.051326E+04,2.904702E-01,0.000000E+00,0.000000E+00,2.904702E-01,4.839979E+03,3.668534E+00,4.053058E+04,5.654081E+04,8.926989E+00,2.613803E+05,2.371128E+00,0.000000E+00,0.000000E+00,2.371128E+00,3.950908E+04,1.540652E+01,1.697846E+05,3.011151E+05,2.072714E+00,4.810450E+04,2.234262E-01,0.000000E+00,0.000000E+00,2.234262E-01,3.722854E+03,2.707802E+00,3.012355E+04,3.812850E+04,2.071930E+00,4.808944E+04,2.234262E-01,0.000000E+00,0.000000E+00,2.234262E-01,3.722854E+03,1.499242E+00,1.650915E+04,2.984952E+04
08:10:00,3.701879E+00,8.114750E+04,2.904702E-01,0.000000E+00,0.000000E+00,2.904702E-01,4.754020E+03,3.102506E+00,3.442899E+04,4.698325E+04,7.131832E+00,2.243234E+05,2.371128E+00,0.000000E+00,0.000000E+00,2.371128E+00,3.880739E+04,1.298253E+01,1.438942E+05,2.438246E+05,1.888435E+00,4.423183E+04,2.234262E-01,0.000000E+00,0.000000E+00,2.234262E-01,3.656736E+03,2.465788E+00,2.741314E+04,3.424652E+04,1.887663E+00,4.421716E+04,2.234262E-01,0.000000E+00,0.000000E+00,2.234262E-01,3.656736E+03,1.287624E+00,1.426898E+04,2.448763E+04
08:20:00,3.584605E+00,7.896895E+04,2.904702E-01,0.000000E+00,0.000000E+00,2.904702E-01,4.668061E+03,3.030644E+00,3.380187E+04,4.581273E+04,7.036660E+00,2.227086E+05,2.371128E+00,0.000000E+00,0.000000E+00,2.371128E+00,3.810570E+04,1.267254E+01,1.414538E+05,2.364448E+05,1.833113E+00,4.319790E+04,2.234262E-01,0.000000E+00,0.000000E+00,2.234262E-01,3.590617E+03,2.397069E+00,2.673427E+04,3.332310E+04,1.832357E+00,4.318355E+04,2.234262E-01,0.000000E+00,0.000000E+00,2.234262E-01,3.590617E+03,1.269947E+00,1.417339E+04,2.394522E+04
08:30:00,3.353923E+00,7.458985E+04,2.904702E-01,0.000000E+00,0.000000E+00,2.904702E-01,4.582102E+03,2.585928E+00,2.893327E+04,3.919986E+04,5.754272E+00,1.983653E+05,2.371128E+00,0.000000E+00,0.000000E+00,2.371128E+00,3.740401E+04,1.084917E+01,1.218478E+05,2.018137E+05,1.744418E+00,4.151424E+04,2.234262E-01,0.000000E+00,0.000000E+00,2.234262E-01,3.524498E+03,2.272542E+00,2.541340E+04,3.162746E+04,1.743657E+00,4.149980E+04,2.234262E-01,0.000000E+00,0.000000E+00,2.234262E-01,3.524498E+03,1.100454E+00,1.235190E+04,2.059974E+04
08:40:00,3.318226E+00,7.391134E+04,2.904702E-01,0.000000E+00,0.000000E+00,2.904702E-01,4.496143E+03,2.598687E+00,2.916263E+04,3.925685E+04,5.798340E+00,1.992009E+05,2.371128E+00,0.000000E+00,0.000000E+00,2.371128E+00,3.670232E+04,1.089670E+01,1.230896E+05,2.014285E+05,1.726144E+00,4.116708E+04,2.234262E-01,0.000000E+00,0.000000E+00,2.234262E-01,3.458379E+03,2.266264E+00,2.541038E+04,3.154234E+04,1.725392E+00,4.115281E+04,2.234262E-01,0.000000E+00,0.000000E+00,2.234262E-01,3.458379E+03,1.120786E+00,1.264568E+04,2.079621E+04
08:50:00,3.278233E+00,7.315160E+04,2.904702E-01,0.000000E+00,0.000000E+00,2.904702E-01,4.410184E+03,2.574946E+00,2.898445E+04,3.851256E+04,5.718967E+00,1.976940E+05,2.371128E+00,0.000000E+00,0.000000E+00,2.371128E+00,3.600063E+04,1.078593E+01,1.225607E+05,1.957215E+05,1.707749E+00,4.081769E+04,2.234262E-01,0.000000E+00,0.000000E+00,2.234262E-01,3.392261E+03,2.261195E+00,2.542054E+04,3.137704E+04,1.707003E+00,4.080353E+04,2.234262E-01,0.000000E+00,0.000000E+00,2.234262E-01,3.392261E+03,1.126370E+00,1.277439E+04,2.042146E+04
09:00:00,3.242099E+00,7.246523E+04,2.904702E-01,0.000000E+00,0.000000E+00,2.904702E-01,4.324225E+03,2.555921E+00,2.885877E+04,3.788659E+04,5.646142E+00,1.963114E+05,2.371128E+00,0.000000E+00,0.000000E+00,2.371128E+00,3.529894E+04,1.069759E+01,1.222814E+05,1.908498E+05,1.691191E+00,4.050323E+04,2.234262E-01,0.000000E+00,0.000000E+00,2.234262E-01,3.326142E+03,2.260509E+00,2.547940E+04,3.130448E+04,1.690451E+00,4.048918E+04,2.234262E-01,0.000000E+00,0.000000E+00,2.234262E-01,3.326142E+03,1.136187E+00,1.295023E+04,2.015353E+04
09:10:00,3.209455E+00,7.184523E+04,2.904702E-01,0.000000E+00,0.000000E+00,2.904702E-01,4.247314E+03,2.540555E+00,2.876425E+04,3.738047E+04,5.580947E+00,1.950736E+05,2.371128E+00,0.000000E+00,0.000000E+00,2.371128E+00,3.467111E+04,1.062458E+01,1.220943E+05,1.868509E+05,1.676200E+00,4.021856E+04,2.234262E-01,0.000000E+00,0.000000E+00,2.234262E-01,3.266983E+03,2.263777E+00,2.557471E+04,3.131339E+04,1.675465E+00,4.020460E+04,2.234262E-01,0.000000E+00,0.000000E+00,2.234262E-01,3.266983E+03,1.149216E+00,1.315435E+04,1.999650E+04
09:20:00,3.179648E+00,7.127915E+04,2.904702E-01,0.000000E+00,0.000000E+00,2.904702E-01,4.170403E+03,2.527397E+00,2.869431E+04,3.697712E+04,5.521664E+00,1.939481E+05,2.371128E+00,0.000000E+00,0.000000E+00,2.371128E+00,3.404329E+04,1.055833E+01,1.219822E+05,1.836120E+05,1.662502E+00,3.995845E+04,2.234262E-01,0.000000E+00,0.000000E+00,2.234262E-01,3.207824E+03,2.269685E+00,2.569939E+04,3.138422E+04,1.661771E+00,3.994458E+04,2.234262E-01,0.000000E+00,0.000000E+00,2.234262E-01,3.207824E+03,1.164110E+00,1.337922E+04,1.993198E+04
09:30:00,3.152165E+00,7.075726E+04,2.904702E-01,0.000000E+00,0.000000E+00,2.904702E-01,4.093492E+03,2.515780E+00,2.864158E+04,3.665229E+04,5.467213E+00,1.929144E+05,2.371128E+00,0.000000E+00,0.000000E+00,2.371128E+00,3.341546E+04,1.049611E+01,1.219155E+05,1.809599E+05,1.649868E+00,3.971857E+04,2.234262E-01,0.000000E+00,0.000000E+00,2.234262E-01,3.148665E+03,2.277577E+00,2.584620E+04,3.149785E+04,1.649142E+00,3.970479E+04,2.234262E-01,0.000000E+00,0.000000E+00,2.234262E-01,3.148665E+03,1.180253E+00,1.361803E+04,1.993719E+04
09:40:00,3.126764E+00,7.027493E+04,2.904702E-01,0.000000E+00,0.000000E+00,2.904702E-01,4.016582E+03,2.506311E+00,2.861314E+04,3.640081E+04,5.417144E+00,1.919639E+05,2.371128E+00,0.000000E+00,0.000000E+00,2.371128E+00,3.278763E+04,1.044513E+01,1.219769E+05,1.788857E+05,1.638183E+00,3.949673E+04,2.234262E-01,0.000000E+00,0.000000E+00,2.234262E-01,3.089507E+03,2.287419E+00,2.601507E+04,3.164681E+04,1.637462E+00,3.948304E+04,2.234262E-01,0.000000E+00,0.000000E+00,2.234262E-01,3.089507E+03,1.198228E+00,1.387763E+04,2.000902E+04
09:50:00,3.103011E+00,6.982391E+04,2.904702E-01,0.000000E+00,0.000000E+00,2.904702E-01,3.939671E+03,2.497892E+00,2.859642E+04,3.619841E+04,5.370401E+00,1.910765E+05,2.371128E+00,0.000000E+00,0.000000E+00,2.371128E+00,3.215980E+04,1.039730E+01,1.220736E+05,1.771837E+05,1.627255E+00,3.928925E+04,2.234262E-01,0.000000E+00,0.000000E+00,2.234262E-01,3.030348E+03,2.298507E+00,2.619786E+04,3.181772E+04,1.626538E+00,3.927564E+04,2.234262E-01,0.000000E+00,0.000000E+00,2.234262E-01,3.030348E+03,1.216965E+00,1.414575E+04,2.012284E+04
10:00:00,3.080625E+00,6.939888E+04,2.904702E-01,0.000000E+00,0.000000E+00,2.904702E-01,3.862760E+03,2.490580E+00,2.859202E+04,3.603912E+04,5.326352E+00,1.902402E+05,2.371128E+00,0.000000E+00,0.000000E+00,2.371128E+00,3.153197E+04,1.035442E+01,1.222252E+05,1.758206E+05,1.616958E+00,3.909376E+04,2.234262E-01,0.000000E+00,0.000000E+00,2.234262E-01,2.971189E+03,2.310589E+00,2.639170E+04,3.200505E+04,1.616245E+00,3.908023E+04,2.234262E-01,0.000000E+00,0.000000E+00,2.234262E-01,2.971189E+03,1.236374E+00,1.442135E+04,2.027177E+04
10:10:00,3.059430E+00,6.899646E+04,2.904702E-01,0.000000E+00,0.000000E+00,2.904702E-01,3.794897E+03,2.484023E+00,2.858695E+04,3.590416E+04,5.284623E+00,1.894480E+05,2.371128E+00,0.000000E+00,0.000000E+00,2.371128E+00,3.097801E+04,1.031521E+01,1.223435E+05,1.746579E+05,1.607209E+00,3.890869E+04,2.234262E-01,0.000000E+00,0.000000E+00,2.234262E-01,2.918990E+03,2.323197E+00,2.658443E+04,3.219450E+04,1.606501E+00,3.889524E+04,2.234262E-01,0.000000E+00,0.000000E+00,2.234262E-01,2.918990E+03,1.256084E+00,1.469331E+04,2.043934E+04
10:20:00,3.039278E+00,6.861387E+04,2.904702E-01,0.000000E+00,0.000000E+00,2.904702E-01,3.727035E+03,2.478172E+00,2.858972E+04,3.579824E+04,5.244911E+00,1.886941E+05,2.371128E+00,0.000000E+00,0.000000E+00,2.371128E+00,3.042404E+04,1.027874E+01,1.224922E+05,1.737227E+05,1.597943E+00,3.873278E+04,2.234262E-01,0.000000E+00,0.000000E+00,2.234262E-01,2.866791E+03,2.336275E+00,2.678238E+04,3.239176E+04,1.597239E+00,3.871940E+04,2.234262E-01,0.000000E+00,0.000000E+00,2.234262E-01,2.866791E+03,1.276034E+00,1.496793E+04,2.062876E+04
10:30:00,3.020111E+00,6.824999E+04,2.904702E-01,0.000000E+00,0.000000E+00,2.904702E-01,3.659173E+03,2.472966E+00,2.859967E+04,3.571728E+04,5.207137E+00,1.879770E+05,2.371128E+00,0.000000E+00,0.000000E+00,2.371128E+00,2.987008E+04,1.024455E+01,1.226661E+05,1.729790E+05,1.589130E+00,3.856548E+04,2.234262E-01,0.000000E+00,0.000000E+00,2.234262E-01,2.814592E+03,2.349690E+00,2.698408E+04,3.259462E+04,1.588430E+00,3.855218E+04,2.234262E-01,0.000000E+00,0.000000E+00,2.234262E-01,2.814592E+03,1.296095E+00,1.524376E+04,2.083554E+04
10:40:00,3.001753E+00,6.790146E+04,2.904702E-01,0.000000E+00,0.000000E+00,2.904702E-01,3.591310E+03,2.468278E+00,2.861536E+04,3.565685E+04,5.170881E+00,1.872888E+05,2.371128E+00,0.000000E+00,0.000000E+00,2.371128E+00,2.931611E+04,1.021208E+01,1.228591E+05,1.723941E+05,1.580693E+00,3.840531E+04,2.234262E-01,0.000000E+00,0.000000E+00,2.234262E-01,2.762393E+03,2.363244E+00,2.718731E+04,3.280018E+04,1.579996E+00,3.839208E+04,2.234262E-01,0.000000E+00,0.000000E+00,2.234262E-01,2.762393E+03,1.316092E+00,1.551886E+04,2.105493E+04
10:50:00,2.984099E+00,6.756631E+04,2.904702E-01,0.000000E+00,0.000000E+00,2.904702E-01,3.523448E+03,2.464026E+00,2.863591E+04,3.561355E+04,5.135913E+00,1.866250E+05,2.371128E+00,0.000000E+00,0.000000E+00,2.371128E+00,2.876214E+04,1.018093E+01,1.230665E+05,1.719411E+05,1.572585E+00,3.825139E+04,2.234262E-01,0.000000E+00,0.000000E+00,2.234262E-01,2.710194E+03,2.376777E+00,2.739032E+04,3.300616E+04,1.571891E+00,3.823822E+04,2.234262E-01,0.000000E+00,0.000000E+00,2.234262E-01,2.710194E+03,1.335882E+00,1.579164E+04,2.128293E+04
11:00:00,2.967086E+00,6.724334E+04,2.904702E-01,0.000000E+00,0.000000E+00,2.904702E-01,3.455585E+03,2.460154E+00,2.866068E+04,3.558473E+04,5.102114E+00,1.859833E+05,2.371128E+00,0.000000E+00,0.000000E+00,2.371128E+00,2.820818E+04,1.015080E+01,1.232854E+05,1.715983E+05,1.564776E+00,3.810315E+04,2.234262E-01,0.000000E+00,0.000000E+00,2.234262E-01,2.657995E+03,2.390162E+00,2.759166E+04,3.321082E+04,1.564086E+00,3.809005E+04,2.234262E-01,0.000000E+00,0.000000E+00,2.234262E-01,2.657995E+03,1.355342E+00,1.606075E+04,2.151619E+04
11:10:00,2.950662E+00,6.693155E+04,2.904702E-01,0.000000E+00,0.000000E+00,2.904702E-01,3.410344E+03,2.456435E+00,2.866452E+04,3.554275E+04,5.069384E+00,1.853620E+05,2.371128E+00,0.000000E+00,0.000000E+00,2.371128E+00,2.783887E+04,1.012138E+01,1.233273E+05,1.711573E+05,1.557243E+00,3.796014E+04,2.234262E-01,0.000000E+00,0.000000E+00,2.234262E-01,2.623196E+03,2.403132E+00,2.777099E+04,3.339298E+04,1.556556E+00,3.794711E+04,2.234262E-01,0.000000E+00,0.000000E+00,2.234262E-01,2.623196E+03,1.374216E+00,1.630589E+04,2.173205E+04
11:20:00,2.934820E+00,6.663081E+04,2.904702E-01,0.000000E+00,0.000000E+00,2.904702E-01,3.365102E+03,2.452842E+00,2.866977E+04,3.550928E+04,5.037743E+00,1.847614E+05,2.371128E+00,0.000000E+00,0.000000E+00,2.371128E+00,2.746956E+04,1.009273E+01,1.233777E+05,1.707958E+05,1.549980E+00,3.782228E+04,2.234262E-01,0.000000E+00,0.000000E+00,2.234262E-01,2.588396E+03,2.415600E+00,2.794472E+04,3.356964E+04,1.549297E+00,3.780931E+04,2.234262E-01,0.000000E+00,0.000000E+00,2.234262E-01,2.588396E+03,1.392413E+00,1.654350E+04,2.194627E+04
11:30:00,2.919477E+00,6.633953E+04,2.904702E-01,0.000000E+00,0.000000E+00,2.904702E-01,3.319860E+03,2.449323E+00,2.867582E+04,3.548263E+04,5.006998E+00,1.841777E+05,2.371128E+00,0.000000E+00,0.000000E+00,2.371128E+00,2.710025E+04,1.006466E+01,1.234346E+05,1.705008E+05,1.542952E+00,3.768885E+04,2.234262E-01,0.000000E+00,0.000000E+00,2.234262E-01,2.553597E+03,2.427456E+00,2.811163E+04,3.373953E+04,1.542272E+00,3.767594E+04,2.234262E-01,0.000000E+00,0.000000E+00,2.234262E-01,2.553597E+03,1.409829E+00,1.677241E+04,2.215665E+04
11:40:00,2.904585E+00,6.605683E+04,2.904702E-01,0.000000E+00,0.000000E+00,2.904702E-01,3.274619E+03,2.445839E+00,2.868227E+04,3.546136E+04,4.977049E+00,1.836092E+05,2.371128E+00,0.000000E+00,0.000000E+00,2.371128E+00,2.673094E+04,1.003690E+01,1.234949E+05,1.702599E+05,1.536136E+00,3.755946E+04,2.234262E-01,0.000000E+00,0.000000E+00,2.234262E-01,2.518798E+03,2.438605E+00,2.827066E+04,3.390146E+04,1.535459E+00,3.754662E+04,2.234262E-01,0.000000E+00,0.000000E+00,2.234262E-01,2.518798E+03,1.426374E+00,1.699160E+04,2.236117E+04
11:50:00,2.890118E+00,6.578221E+04,2.904702E-01,0.000000E+00,0.000000E+00,2.904702E-01,3.229377E+03,2.442364E+00,2.868881E+04,3.544433E+04,4.947854E+00,1.830550E+05,2.371128E+00,0.000000E+00,0.000000E+00,2.371128E+00,2.636163E+04,1.000922E+01,1.235560E+05,1.700625E+05,1.529520E+00,3.743388E+04,2.234262E-01,0.000000E+00,0.000000E+00,2.234262E-01,2.483998E+03,2.448970E+00,2.842096E+04,3.405440E+04,1.528847E+00,3.742109E+04,2.234262E-01,0.000000E+00,0.000000E+00,2.234262E-01,2.483998E+03,1.441969E+00,1.720020E+04,2.255807E+04
12:00:00,2.876055E+00,6.551523E+04,2.904702E-01,0.000000E+00,0.000000E+00,2.904702E-01,3.184135E+03,2.438872E+00,2.869516E+04,3.543052E+04,4.919376E+00,1.825144E+05,2.371128E+00,0.000000E+00,0.000000E+00,2.371128E+00,2.599232E+04,9.981432E+00,1.236158E+05,1.698998E+05,1.523095E+00,3.731190E+04,2.234262E-01,0.000000E+00,0.000000E+00,2.234262E-01,2.449199E+03,2.458487E+00,2.856181E+04,3.419753E+04,1.522424E+00,3.729917E+04,2.234262E-01,0.000000E+00,0.000000E+00,2.234262E-01,2.449199E+03,1.456549E+00,1.739748E+04,2.274590E+04
12:10:00,2.862399E+00,6.525601E+04,2.904702E-01,0.000000E+00,0.000000E+00,2.904702E-01,3.147942E+03,2.436003E+00,2.869944E+04,3.541849E+04,4.891650E+00,1.819881E+05,2.371128E+00,0.000000E+00,0.000000E+00,2.371128E+00,2.569687E+04,9.953582E+00,1.236014E+05,1.696959E+05,1.516860E+00,3.719355E+04,2.234262E-01,0.000000E+00,0.000000E+00,2.234262E-01,2.421359E+03,2.467194E+00,2.868677E+04,3.432413E+04,1.516192E+00,3.718087E+04,2.234262E-01,0.000000E+00,0.000000E+00,2.234262E-01,2.421359E+03,1.470147E+00,1.757692E+04,2.291758E+04
12:20:00,2.849105E+00,6.500365E+04,2.904702E-01,0.000000E+00,0.000000E+00,2.904702E-01,3.111749E+03,2.434213E+00,2.871581E+04,3.542765E+04,4.864571E+00,1.814740E+05,2.371128E+00,0.000000E+00,0.000000E+00,2.371128E+00,2.540142E+04,9.928001E+00,1.236125E+05,1.696055E+05,1.510796E+00,3.707844E+04,2.234262E-01,0.000000E+00,0.000000E+00,2.234262E-01,2.393520E+03,2.475352E+00,2.880571E+04,3.444855E+04,1.510131E+00,3.706581E+04,2.234262E-01,0.000000E+00,0.000000E+00,2.234262E-01,2.393520E+03,1.483032E+00,1.774847E+04,2.309810E+04
12:30:00,2.836147E+00,6.475766E+04,2.904702E-01,0.000000E+00,0.000000E+00,2.904702E-01,3.075556E+03,2.432948E+00,2.873792E+04,3.544639E+04,4.838086E+00,1.809713E+05,2.371128E+00,0.000000E+00,0.000000E+00,2.371128E+00,2.510597E+04,9.900974E+00,1.236070E+05,1.695323E+05,1.504891E+00,3.696634E+04,2.234262E-01,0.000000E+00,0.000000E+00,2.234262E-01,2.365681E+03,2.482530E+00,2.891357E+04,3.456243E+04,1.504228E+00,3.695376E+04,2.234262E-01,0.000000E+00,0.000000E+00,2.234262E-01,2.365681E+03,1.494722E+00,1.790660E+04,2.327054E+04
12:40:00,2.823512E+00,6.451781E+04,2.904702E-01,0.000000E+00,0.000000E+00,2.904702E-01,3.039362E+03,2.432563E+00,2.876982E+04,3.547012E+04,4.812177E+00,1.804794E+05,2.371128E+00,0.000000E+00,0.000000E+00,2.371128E+00,2.481052E+04,9.874838E+00,1.236113E+05,1.694145E+05,1.499138E+00,3.685713E+04,2.234262E-01,0.000000E+00,0.000000E+00,2.234262E-01,2.337841E+03,2.488874E+00,2.901211E+04,3.466101E+04,1.498478E+00,3.684460E+04,2.234262E-01,0.000000E+00,0.000000E+00,2.234262E-01,2.337841E+03,1.505420E+00,1.805366E+04,2.341164E+04
12:50:00,2.811187E+00,6.428385E+04,2.904702E-01,0.000000E+00,0.000000E+00,2.904702E-01,3.003169E+03,2.432932E+00,2.881013E+04,3.550246E+04,4.786825E+00,1.799982E+05,2.371128E+00,0.000000E+00,0.000000E+00,2.371128E+00,2.451507E+04,9.848760E+00,1.236162E+05,1.692941E+05,1.493531E+00,3.675070E+04,2.234262E-01,0.000000E+00,0.000000E+00,2.234262E-01,2.310002E+03,2.494260E+00,2.909996E+04,3.474770E+04,1.492874E+00,3.673822E+04,2.234262E-01,0.000000E+00,0.000000E+00,2.234262E-01,2.310002E+03,1.514979E+00,1.818802E+04,2.353578E+04
13:00:00,2.799217E+00,6.405662E+04,2.904702E-01,0.000000E+00,0.000000E+00,2.904702E-01,2.966976E+03,2.434068E+00,2.885899E+04,3.554504E+04,4.762139E+00,1.795296E+05,2.371128E+00,0.000000E+00,0.000000E+00,2.371128E+00,2.421962E+04,9.822809E+00,1.236225E+05,1.691868E+05,1.488089E+00,3.664738E+04,2.234262E-01,0.000000E+00,0.000000E+00,2.234262E-01,2.282162E+03,2.498630E+00,2.917649E+04,3.482314E+04,1.487433E+00,3.663494E+04,2.234262E-01,0.000000E+00,0.000000E+00,2.234262E-01,2.282162E+03,1.523337E+00,1.830900E+04,2.364690E+04
13:10:00,2.787550E+00,6.383513E+04,2.904702E-01,0.000000E+00,0.000000E+00,2.904702E-01,2.944355E+03,2.435424E+00,2.889668E+04,3.557746E+04,4.738007E+00,1.790715E+05,2.371128E+00,0.000000E+00,0.000000E+00,2.371128E+00,2.403497E+04,9.796911E+00,1.235184E+05,1.689820E+05,1.482788E+00,3.654675E+04,2.234262E-01,0.000000E+00,0.000000E+00,2.234262E-01,2.264763E+03,2.501924E+00,2.923051E+04,3.487615E+04,1.482134E+00,3.653435E+04,2.234262E-01,0.000000E+00,0.000000E+00,2.234262E-01,2.264763E+03,1.530429E+00,1.840537E+04,2.373480E+04
13:20:00,2.776157E+00,6.361887E+04,2.904702E-01,0.000000E+00,0.000000E+00,2.904702E-01,2.921734E+03,2.436487E+00,2.893105E+04,3.560719E+04,4.714373E+00,1.786229E+05,2.371128E+00,0.000000E+00,0.000000E+00,2.371128E+00,2.385031E+04,9.768491E+00,1.233859E+05,1.687576E+05,1.477616E+00,3.644859E+04,2.234262E-01,0.000000E+00,0.000000E+00,2.234262E-01,2.247363E+03,2.503749E+00,2.926804E+04,3.491253E+04,1.476965E+00,3.643622E+04,2.234262E-01,0.000000E+00,0.000000E+00,2.234262E-01,2.247363E+03,1.535855E+00,1.848311E+04,2.380491E+04
13:30:00,2.765031E+00,6.340766E+04,2.904702E-01,0.000000E+00,0.000000E+00,2.904702E-01,2.899113E+03,2.437771E+00,2.896797E+04,3.564065E+04,4.691225E+00,1.781835E+05,2.371128E+00,0.000000E+00,0.000000E+00,2.371128E+00,2.366566E+04,9.739314E+00,1.232454E+05,1.685355E+05,1.472570E+00,3.635280E+04,2.234262E-01,0.000000E+00,0.000000E+00,2.234262E-01,2.229963E+03,2.504416E+00,2.929285E+04,3.493631E+04,1.471921E+00,3.634047E+04,2.234262E-01,0.000000E+00,0.000000E+00,2.234262E-01,2.229963E+03,1.539975E+00,1.854642E+04,2.386166E+04
13:40:00,2.754162E+00,6.320134E+04,2.904702E-01,0.000000E+00,0.000000E+00,2.904702E-01,2.876492E+03,2.438882E+00,2.900298E+04,3.567267E+04,4.668548E+00,1.777530E+05,2.371128E+00,0.000000E+00,0.000000E+00,2.371128E+00,2.348100E+04,9.708119E+00,1.230825E+05,1.682975E+05,1.467645E+00,3.625931E+04,2.234262E-01,0.000000E+00,0.000000E+00,2.234262E-01,2.212564E+03,2.503677E+00,2.930202E+04,3.494413E+04,1.466998E+00,3.624701E+04,2.234262E-01,0.000000E+00,0.000000E+00,2.234262E-01,2.212564E+03,1.542482E+00,1.859176E+04,2.390049E+04
13:50:00,2.743556E+00,6.300000E+04,2.904702E-01,0.000000E+00,0.000000E+00,2.904702E-01,2.853871E+03,2.439920E+00,2.903718E+04,3.570433E+04,4.646366E+00,1.773319E+05,2.371128E+00,0.000000E+00,0.000000E+00,2.371128E+00,2.329635E+04,9.676237E+00,1.229120E+05,1.680595E+05,1.462843E+00,3.616815E+04,2.234262E-01,0.000000E+00,0.000000E+00,2.234262E-01,2.195164E+03,2.501560E+00,2.929584E+04,3.493622E+04,1.462198E+00,3.615589E+04,2.234262E-01,0.000000E+00,0.000000E+00,2.234262E-01,2.195164E+03,1.543419E+00,1.861962E+04,2.392170E+04
14:00:00,2.733154E+00,6.280254E+04,2.904702E-01,0.000000E+00,0.000000E+00,2.904702E-01,2.831251E+03,2.440848E+00,2.907013E+04,3.573508E+04,4.624554E+00,1.769179E+05,2.371128E+00,0.000000E+00,0.000000E+00,2.371128E+00,2.311169E+04,9.644187E+00,1.227395E+05,1.678265E+05,1.458140E+00,3.607887E+04,2.234262E-01,0.000000E+00,0.000000E+00,2.234262E-01,2.177764E+03,2.498055E+00,2.927418E+04,3.491240E+04,1.457496E+00,3.606664E+04,2.234262E-01,0.000000E+00,0.000000E+00,2.234262E-01,2.177764E+03,1.542770E+00,1.862981E+04,2.392492E+04
14:10:00,2.722966E+00,6.260915E+04,2.904702E-01,0.000000E+00,0.000000E+00,2.904702E-01,2.831251E+03,2.441521E+00,2.907764E+04,3.573990E+04,4.603133E+00,1.765113E+05,2.371128E+00,0.000000E+00,0.000000E+00,2.371128E+00,2.311169E+04,9.612188E+00,1.223830E+05,1.674107E+05,1.453539E+00,3.599153E+04,2.234262E-01,0.000000E+00,0.000000E+00,2.234262E-01,2.177764E+03,2.493020E+00,2.921809E+04,3.485310E+04,1.452896E+00,3.597932E+04,2.234262E-01,0.000000E+00,0.000000E+00,2.234262E-01,2.177764E+03,1.540411E+00,1.860353E+04,2.389058E+04
14:20:00,2.712998E+00,6.241993E+04,2.904702E-01,0.000000E+00,0.000000E+00,2.904702E-01,2.831251E+03,2.441929E+00,2.908219E+04,3.574192E+04,4.582119E+00,1.761124E+05,2.371128E+00,0.000000E+00,0.000000E+00,2.371128E+00,2.311169E+04,9.580177E+00,1.220263E+05,1.669992E+05,1.449041E+00,3.590614E+04,2.234262E-01,0.000000E+00,0.000000E+00,2.234262E-01,2.177764E+03,2.486472E+00,2.914514E+04,3.477657E+04,1.448400E+00,3.589397E+04,2.234262E-01,0.000000E+00,0.000000E+00,2.234262E-01,2.177764E+03,1.536355E+00,1.855834E+04,2.383681E+04
14:30:00,2.703245E+00,6.223477E+04,2.904702E-01,0.000000E+00,0.000000E+00,2.904702E-01,2.831251E+03,2.442067E+00,2.908372E+04,3.574109E+04,4.561503E+00,1.757210E+05,2.371128E+00,0.000000E+00,0.000000E+00,2.371128E+00,2.311169E+04,9.549549E+00,1.216851E+05,1.666097E+05,1.444644E+00,3.582267E+04,2.234262E-01,0.000000E+00,0.000000E+00,2.234262E-01,2.177764E+03,2.478447E+00,2.905572E+04,3.468332E+04,1.444004E+00,3.581052E+04,2.234262E-01,0.000000E+00,0.000000E+00,2.234262E-01,2.177764E+03,1.530634E+00,1.849461E+04,2.376406E+04
14:40:00,2.693710E+00,6.205378E+04,2.904702E-01,0.000000E+00,0.000000E+00,2.904702E-01,2.831251E+03,2.441931E+00,2.908221E+04,3.573736E+04,4.541303E+00,1.753376E+05,2.371128E+00,0.000000E+00,0.000000E+00,2.371128E+00,2.311169E+04,9.518823E+00,1.213427E+05,1.662225E+05,1.440350E+00,3.574116E+04,2.234262E-01,0.000000E+00,0.000000E+00,2.234262E-01,2.177764E+03,2.468986E+00,2.895031E+04,3.457375E+04,1.439711E+00,3.572903E+04,2.234262E-01,0.000000E+00,0.000000E+00,2.234262E-01,2.177764E+03,1.523291E+00,1.841280E+04,2.367269E+04
14:50:00,2.684380E+00,6.187667E+04,2.904702E-01,0.000000E+00,0.000000E+00,2.904702E-01,2.831251E+03,2.441510E+00,2.907752E+04,3.573049E+04,4.521487E+00,1.749614E+05,2.371128E+00,0.000000E+00,0.000000E+00,2.371128E+00,2.311169E+04,9.486971E+00,1.209878E+05,1.658241E+05,1.436152E+00,3.566146E+04,2.234262E-01,0.000000E+00,0.000000E+00,2.234262E-01,2.177764E+03,2.458165E+00,2.882974E+04,3.444862E+04,1.435514E+00,3.564935E+04,2.234262E-01,0.000000E+00,0.000000E+00,2.234262E-01,2.177764E+03,1.514403E+00,1.831377E+04,2.356350E+04
15:00:00,2.675245E+00,6.170326E+04,2.904702E-01,0.000000E+00,0.000000E+00,2.904702E-01,2.831251E+03,2.440657E+00,2.906802E+04,3.571856E+04,4.502037E+00,1.745922E+05,2.371128E+00,0.000000E+00,0.000000E+00,2.371128E+00,2.311169E+04,9.453665E+00,1.206167E+05,1.654101E+05,1.432045E+00,3.558351E+04,2.234262E-01,0.000000E+00,0.000000E+00,2.234262E-01,2.177764E+03,2.445873E+00,2.869278E+04,3.430637E+04,1.431408E+00,3.557141E+04,2.234262E-01,0.000000E+00,0.000000E+00,2.234262E-01,2.177764E+03,1.503876E+00,1.819648E+04,2.343501E+04
15:10:00,2.666301E+00,6.153347E+04,2.904702E-01,0.000000E+00,0.000000E+00,2.904702E-01,2.858396E+03,2.439418E+00,2.902707E+04,3.567442E+04,4.482946E+00,1.742298E+05,2.371128E+00,0.000000E+00,0.000000E+00,2.371128E+00,2.333328E+04,9.419092E+00,1.200099E+05,1.647559E+05,1.428028E+00,3.550725E+04,2.234262E-01,0.000000E+00,0.000000E+00,2.234262E-01,2.198644E+03,2.432318E+00,2.852087E+04,3.412826E+04,1.427392E+00,3.549518E+04,2.234262E-01,0.000000E+00,0.000000E+00,2.234262E-01,2.198644E+03,1.491904E+00,1.804222E+04,2.326835E+04
15:20:00,2.657543E+00,6.136722E+04,2.904702E-01,0.000000E+00,0.000000E+00,2.904702E-01,2.885541E+03,2.437801E+00,2.898191E+04,3.562607E+04,4.464206E+00,1.738741E+05,2.371128E+00,0.000000E+00,0.000000E+00,2.371128E+00,2.355487E+04,9.383588E+00,1.193927E+05,1.640920E+05,1.424099E+00,3.543266E+04,2.234262E-01,0.000000E+00,0.000000E+00,2.234262E-01,2.219523E+03,2.417673E+00,2.833681E+04,3.393794E+04,1.423463E+00,3.542060E+04,2.234262E-01,0.000000E+00,0.000000E+00,2.234262E-01,2.219523E+03,1.478661E+00,1.787378E+04,2.308717E+04
15:30:00,2.648975E+00,6.120457E+04,2.904702E-01,0.000000E+00,0.000000E+00,2.904702E-01,2.912686E+03,2.435792E+00,2.893238E+04,3.557337E+04,4.445831E+00,1.735253E+05,2.371128E+00,0.000000E+00,0.000000E+00,2.371128E+00,2.377645E+04,9.347659E+00,1.187707E+05,1.634245E+05,1.420258E+00,3.535975E+04,2.234262E-01,0.000000E+00,0.000000E+00,2.234262E-01,2.240403E+03,2.402099E+00,2.814240E+04,3.373723E+04,1.419623E+00,3.534770E+04,2.234262E-01,0.000000E+00,0.000000E+00,2.234262E-01,2.240403E+03,1.464320E+00,1.769311E+04,2.289352E+04
15:40:00,2.640585E+00,6.104530E+04,2.904702E-01,0.000000E+00,0.000000E+00,2.904702E-01,2.939831E+03,2.433375E+00,2.887830E+04,3.551608E+04,4.427795E+00,1.731829E+05,2.371128E+00,0.000000E+00,0.000000E+00,2.371128E+00,2.399804E+04,9.312305E+00,1.181552E+05,1.627663E+05,1.416500E+00,3.528842E+04,2.234262E-01,0.000000E+00,0.000000E+00,2.234262E-01,2.261283E+03,2.385850E+00,2.794047E+04,3.352897E+04,1.415866E+00,3.527638E+04,2.234262E-01,0.000000E+00,0.000000E+00,2.234262E-01,2.261283E+03,1.449122E+00,1.750289E+04,2.269016E+04
15:50:00,2.632365E+00,6.088928E+04,2.904702E-01,0.000000E+00,0.000000E+00,2.904702E-01,2.966976E+03,2.430532E+00,2.881948E+04,3.545390E+04,4.410083E+00,1.728467E+05,2.371128E+00,0.000000E+00,0.000000E+00,2.371128E+00,2.421962E+04,9.278226E+00,1.175539E+05,1.621260E+05,1.412823E+00,3.521860E+04,2.234262E-01,0.000000E+00,0.000000E+00,2.234262E-01,2.282162E+03,2.369214E+00,2.773422E+04,3.331635E+04,1.412189E+00,3.520657E+04,2.234262E-01,0.000000E+00,0.000000E+00,2.234262E-01,2.282162E+03,1.433387E+00,1.730669E+04,2.248087E+04
16:00:00,2.624313E+00,6.073642E+04,2.904702E-01,0.000000E+00,0.000000E+00,2.904702E-01,2.994121E+03,2.427380E+00,2.875721E+04,3.538824E+04,4.392689E+00,1.725166E+05,2.371128E+00,0.000000E+00,0.000000E+00,2.371128E+00,2.444121E+04,9.244656E+00,1.169582E+05,1.614930E+05,1.409223E+00,3.515027E+04,2.234262E-01,0.000000E+00,0.000000E+00,2.234262E-01,2.303042E+03,2.352719E+00,2.752955E+04,3.310556E+04,1.408590E+00,3.513825E+04,2.234262E-01,0.000000E+00,0.000000E+00,2.234262E-01,2.303042E+03,1.417641E+00,1.711037E+04,2.227204E+04
16:10:00,2.616424E+00,6.058665E+04,2.904702E-01,0.000000E+00,0.000000E+00,2.904702E-01,3.030314E+03,2.424031E+00,2.868370E+04,3.531119E+04,4.375607E+00,1.721923E+05,2.371128E+00,0.000000E+00,0.000000E+00,2.371128E+00,2.473666E+04,9.210580E+00,1.162831E+05,1.607784E+05,1.405700E+00,3.508339E+04,2.234262E-01,0.000000E+00,0.000000E+00,2.234262E-01,2.330881E+03,2.336869E+00,2.732510E+04,3.289534E+04,1.405067E+00,3.507137E+04,2.234262E-01,0.000000E+00,0.000000E+00,2.234262E-01,2.330881E+03,1.402367E+00,1.691235E+04,2.206238E+04
16:20:00,2.608700E+00,6.044004E+04,2.904702E-01,0.000000E+00,0.000000E+00,2.904702E-01,3.066507E+03,2.420621E+00,2.860951E+04,3.523375E+04,4.358847E+00,1.718742E+05,2.371128E+00,0.000000E+00,0.000000E+00,2.371128E+00,2.503211E+04,9.176343E+00,1.156062E+05,1.600628E+05,1.402254E+00,3.501797E+04,2.234262E-01,0.000000E+00,0.000000E+00,2.234262E-01,2.358721E+03,2.322104E+00,2.713275E+04,3.269801E+04,1.401621E+00,3.500595E+04,2.234262E-01,0.000000E+00,0.000000E+00,2.234262E-01,2.358721E+03,1.387997E+00,1.672439E+04,2.186431E+04
16:30:00,2.601132E+00,6.029638E+04,2.904702E-01,0.000000E+00,0.000000E+00,2.904702E-01,3.102700E+03,2.417549E+00,2.853908E+04,3.516085E+04,4.342387E+00,1.715617E+05,2.371128E+00,0.000000E+00,0.000000E+00,2.371128E+00,2.532756E+04,9.142218E+00,1.149305E+05,1.593498E+05,1.398880E+00,3.495393E+04,2.234262E-01,0.000000E+00,0.000000E+00,2.234262E-01,2.386560E+03,2.308788E+00,2.695653E+04,3.251766E+04,1.398247E+00,3.494192E+04,2.234262E-01,0.000000E+00,0.000000E+00,2.234262E-01,2.386560E+03,1.374870E+00,1.655028E+04,2.168183E+04
16:40:00,2.593715E+00,6.015558E+04,2.904702E-01,0.000000E+00,0.000000E+00,2.904702E-01,3.138894E+03,2.414813E+00,2.847241E+04,3.509220E+04,4.326217E+00,1.712548E+05,2.371128E+00,0.000000E+00,0.000000E+00,2.371128E+00,2.562300E+04,9.108089E+00,1.142547E+05,1.586375E+05,1.395577E+00,3.489123E+04,2.234262E-01,0.000000E+00,0.000000E+00,2.234262E-01,2.414400E+03,2.296874E+00,2.679593E+04,3.235337E+04,1.394944E+00,3.487921E+04,2.234262E-01,0.000000E+00,0.000000E+00,2.234262E-01,2.414400E+03,1.362965E+00,1.638979E+04,2.151428E+04
16:50:00,2.586445E+00,6.001757E+04,2.904702E-01,0.000000E+00,0.000000E+00,2.904702E-01,3.175087E+03,2.412356E+00,2.840883E+04,3.502695E+04,4.310328E+00,1.709532E+05,2.371128E+00,0.000000E+00,0.000000E+00,2.371128E+00,2.591845E+04,9.073544E+00,1.135743E+05,1.579200E+05,1.392342E+00,3.482982E+04,2.234262E-01,0.000000E+00,0.000000E+00,2.234262E-01,2.442239E+03,2.286187E+00,2.664901E+04,3.220309E+04,1.391709E+00,3.481781E+04,2.234262E-01,0.000000E+00,0.000000E+00,2.234262E-01,2.442239E+03,1.352092E+00,1.624080E+04,2.135916E+04
17:00:00,2.579318E+00,5.988228E+04,2.904702E-01,0.000000E+00,0.000000E+00,2.904702E-01,3.211280E+03,2.410121E+00,2.834773E+04,3.496439E+04,4.294718E+00,1.706568E+05,2.371128E+00,0.000000E+00,0.000000E+00,2.371128E+00,2.621390E+04,9.038605E+00,1.128896E+05,1.571971E+05,1.389174E+00,3.476968E+04,2.234262E-01,0.000000E+00,0.000000E+00,2.234262E-01,2.470079E+03,2.276452E+00,2.651269E+04,3.206373E+04,1.388541E+00,3.475766E+04,2.234262E-01,0.000000E+00,0.000000E+00,2.234262E-01,2.470079E+03,1.341989E+00,1.610038E+04,2.121324E+04
17:10:00,2.572337E+00,5.974975E+04,2.904702E-01,0.000000E+00,0.000000E+00,2.904702E-01,3.256522E+03,2.408037E+00,2.827927E+04,3.489446E+04,4.279392E+00,1.703659E+05,2.371128E+00,0.000000E+00,0.000000E+00,2.371128E+00,2.658321E+04,9.004280E+00,1.121378E+05,1.564072E+05,1.386074E+00,3.471082E+04,2.234262E-01,0.000000E+00,0.000000E+00,2.234262E-01,2.504878E+03,2.267287E+00,2.637577E+04,3.192382E+04,1.385440E+00,3.469880E+04,2.234262E-01,0.000000E+00,0.000000E+00,2.234262E-01,2.504878E+03,1.332312E+00,1.595775E+04,2.106518E+04
17:20:00,2.565493E+00,5.961984E+04,2.904702E-01,0.000000E+00,0.000000E+00,2.904702E-01,3.301764E+03,2.405851E+00,2.820967E+04,3.482339E+04,4.264335E+00,1.700801E+05,2.371128E+00,0.000000E+00,0.000000E+00,2.371128E+00,2.695252E+04,8.970522E+00,1.113923E+05,1.556253E+05,1.383037E+00,3.465318E+04,2.234262E-01,0.000000E+00,0.000000E+00,2.234262E-01,2.539677E+03,2.258203E+00,2.623974E+04,3.178478E+04,1.382404E+00,3.464116E+04,2.234262E-01,0.000000E+00,0.000000E+00,2.234262E-01,2.539677E+03,1.322609E+00,1.581483E+04,2.091652E+04
17:30:00,2.558782E+00,5.949245E+04,2.904702E-01,0.000000E+00,0.000000E+00,2.904702E-01,3.347005E+03,2.402796E+00,2.813039E+04,3.474171E+04,4.249535E+00,1.697992E+05,2.371128E+00,0.000000E+00,0.000000E+00,2.371128E+00,2.732183E+04,8.936784E+00,1.106470E+05,1.548437E+05,1.380062E+00,3.459671E+04,2.234262E-01,0.000000E+00,0.000000E+00,2.234262E-01,2.574477E+03,2.248300E+00,2.609459E+04,3.163563E+04,1.379429E+00,3.458468E+04,2.234262E-01,0.000000E+00,0.000000E+00,2.234262E-01,2.574477E+03,1.312047E+00,1.566234E+04,2.075646E+04
17:40:00,2.552201E+00,5.936753E+04,2.904702E-01,0.000000E+00,0.000000E+00,2.904702E-01,3.392247E+03,2.398987E+00,2.804270E+04,3.465105E+04,4.234988E+00,1.695230E+05,2.371128E+00,0.000000E+00,0.000000E+00,2.371128E+00,2.769114E+04,8.902697E+00,1.098979E+05,1.540576E+05,1.377148E+00,3.454138E+04,2.234262E-01,0.000000E+00,0.000000E+00,2.234262E-01,2.609276E+03,2.237811E+00,2.594292E+04,3.147989E+04,1.376514E+00,3.452935E+04,2.234262E-01,0.000000E+00,0.000000E+00,2.234262E-01,2.609276E+03,1.300856E+00,1.550285E+04,2.058863E+04
17:50:00,2.545747E+00,5.924501E+04,2.904702E-01,0.000000E+00,0.000000E+00,2.904702E-01,3.437489E+03,2.394384E+00,2.794616E+04,3.455090E+04,4.220688E+00,1.692516E+05,2.371128E+00,0.000000E+00,0.000000E+00,2.371128E+00,2.806045E+04,8.868516E+00,1.091477E+05,1.532702E+05,1.374292E+00,3.448717E+04,2.234262E-01,0.000000E+00,0.000000E+00,2.234262E-01,2.644075E+03,2.226775E+00,2.578515E+04,3.131790E+04,1.373658E+00,3.447513E+04,2.234262E-01,0.000000E+00,0.000000E+00,2.234262E-01,2.644075E+03,1.289082E+00,1.533686E+04,2.041358E+04
18:00:00,2.539422E+00,5.912494E+04,2.904702E-01,0.000000E+00,0.000000E+00,2.904702E-01,3.482730E+03,2.388908E+00,2.783990E+04,3.444028E+04,4.206642E+00,1.689850E+05,2.371128E+00,0.000000E+00,0.000000E+00,2.371128E+00,2.842976E+04,8.834877E+00,1.084036E+05,1.524899E+05,1.371496E+00,3.443409E+04,2.234262E-01,0.000000E+00,0.000000E+00,2.234262E-01,2.678874E+03,2.215171E+00,2.562105E+04,3.114915E+04,1.370861E+00,3.442204E+04,2.234262E-01,0.000000E+00,0.000000E+00,2.234262E-01,2.678874E+03,1.276718E+00,1.516429E+04,2.023100E+04
18:10:00,2.533219E+00,5.900719E+04,2.904702E-01,0.000000E+00,0.000000E+00,2.904702E-01,3.550593E+03,2.382198E+00,2.769732E+04,3.429193E+04,4.192836E+00,1.687229E+05,2.371128E+00,0.000000E+00,0.000000E+00,2.371128E+00,2.898373E+04,8.800886E+00,1.074711E+05,1.515173E+05,1.368756E+00,3.438208E+04,2.234262E-01,0.000000E+00,0.000000E+00,2.234262E-01,2.731073E+03,2.202758E+00,2.543063E+04,3.095357E+04,1.368121E+00,3.437002E+04,2.234262E-01,0.000000E+00,0.000000E+00,2.234262E-01,2.731073E+03,1.263556E+00,1.496547E+04,2.002102E+04
18:20:00,2.527133E+00,5.889166E+04,2.904702E-01,0.000000E+00,0.000000E+00,2.904702E-01,3.618455E+03,2.374520E+00,2.754399E+04,3.412988E+04,4.179260E+00,1.684652E+05,2.371128E+00,0.000000E+00,0.000000E+00,2.371128E+00,2.953770E+04,8.768361E+00,1.065551E+05,1.505431E+05,1.366070E+00,3.433110E+04,2.234262E-01,0.000000E+00,0.000000E+00,2.234262E-01,2.783272E+03,2.189839E+00,2.523465E+04,3.074719E+04,1.365435E+00,3.431903E+04,2.234262E-01,0.000000E+00,0.000000E+00,2.234262E-01,2.783272E+03,1.249894E+00,1.476114E+04,1.979711E+04
18:30:00,2.521163E+00,5.877833E+04,2.904702E-01,0.000000E+00,0.000000E+00,2.904702E-01,3.686318E+03,2.365531E+00,2.737596E+04,3.395088E+04,4.165910E+00,1.682118E+05,2.371128E+00,0.000000E+00,0.000000E+00,2.371128E+00,3.009166E+04,8.734326E+00,1.056219E+05,1.495391E+05,1.363438E+00,3.428114E+04,2.234262E-01,0.000000E+00,0.000000E+00,2.234262E-01,2.835471E+03,2.176491E+00,2.503374E+04,3.053366E+04,1.362802E+00,3.426905E+04,2.234262E-01,0.000000E+00,0.000000E+00,2.234262E-01,2.835471E+03,1.235787E+00,1.455176E+04,1.956442E+04
18:40:00,2.515305E+00,5.866713E+04,2.904702E-01,0.000000E+00,0.000000E+00,2.904702E-01,3.754180E+03,2.354840E+00,2.718897E+04,3.375478E+04,4.152782E+00,1.679626E+05,2.371128E+00,0.000000E+00,0.000000E+00,2.371128E+00,3.064563E+04,8.700875E+00,1.046952E+05,1.485710E+05,1.360858E+00,3.423216E+04,2.234262E-01,0.000000E+00,0.000000E+00,2.234262E-01,2.887670E+03,2.162460E+00,2.482520E+04,3.032009E+04,1.360221E+00,3.422006E+04,2.234262E-01,0.000000E+00,0.000000E+00,2.234262E-01,2.887670E+03,1.221047E+00,1.433532E+04,1.933486E+04
18:50:00,2.509562E+00,5.855810E+04,2.904702E-01,0.000000E+00,0.000000E+00,2.904702E-01,3.822042E+03,2.342546E+00,2.698412E+04,3.354045E+04,4.139882E+00,1.677177E+05,2.371128E+00,0.000000E+00,0.000000E+00,2.371128E+00,3.119959E+04,8.667485E+00,1.037692E+05,1.476103E+05,1.358331E+00,3.418418E+04,2.234262E-01,0.000000E+00,0.000000E+00,2.234262E-01,2.939869E+03,2.147734E+00,2.460892E+04,3.009974E+04,1.357693E+00,3.417207E+04,2.234262E-01,0.000000E+00,0.000000E+00,2.234262E-01,2.939869E+03,1.205660E+00,1.411167E+04,1.909949E+04
19:00:00,2.503927E+00,5.845113E+04,2.904702E-01,0.000000E+00,0.000000E+00,2.904702E-01,3.889905E+03,2.328196E+00,2.675635E+04,3.330150E+04,4.127195E+00,1.674769E+05,2.371128E+00,0.000000E+00,0.000000E+00,2.371128E+00,3.175356E+04,8.634012E+00,1.028422E+05,1.466492E+05,1.355853E+00,3.413715E+04,2.234262E-01,0.000000E+00,0.000000E+00,2.234262E-01,2.992068E+03,2.132310E+00,2.438486E+04,2.987080E+04,1.355215E+00,3.412503E+04,2.234262E-01,0.000000E+00,0.000000E+00,2.234262E-01,2.992068E+03,1.189645E+00,1.388103E+04,1.885617E+04
19:10:00,2.498396E+00,5.834615E+04,2.904702E-01,0.000000E+00,0.000000E+00,2.904702E-01,3.939671E+03,2.312832E+00,2.653534E+04,3.306940E+04,4.114716E+00,1.672400E+05,2.371128E+00,0.000000E+00,0.000000E+00,2.371128E+00,3.215980E+04,8.601496E+00,1.020735E+05,1.458508E+05,1.353424E+00,3.409103E+04,2.234262E-01,0.000000E+00,0.000000E+00,2.234262E-01,3.030348E+03,2.116808E+00,2.417376E+04,2.965472E+04,1.352785E+00,3.407890E+04,2.234262E-01,0.000000E+00,0.000000E+00,2.234262E-01,3.030348E+03,1.173604E+00,1.366397E+04,1.862637E+04
19:20:00,2.492969E+00,5.824311E+04,2.904702E-01,0.000000E+00,0.000000E+00,2.904702E-01,3.989437E+03,2.296840E+00,2.630729E+04,3.283020E+04,4.102440E+00,1.670070E+05,2.371128E+00,0.000000E+00,0.000000E+00,2.371128E+00,3.256604E+04,8.567623E+00,1.012893E+05,1.450324E+05,1.351042E+00,3.404581E+04,2.234262E-01,0.000000E+00,0.000000E+00,2.234262E-01,3.068627E+03,2.100767E+00,2.395658E+04,2.943130E+04,1.350402E+00,3.403366E+04,2.234262E-01,0.000000E+00,0.000000E+00,2.234262E-01,3.068627E+03,1.157124E+00,1.344198E+04,1.839001E+04
19:30:00,2.487641E+00,5.814198E+04,2.904702E-01,0.000000E+00,0.000000E+00,2.904702E-01,4.039202E+03,2.281922E+00,2.609128E+04,3.260493E+04,4.090363E+00,1.667778E+05,2.371128E+00,0.000000E+00,0.000000E+00,2.371128E+00,3.297228E+04,8.536376E+00,1.005349E+05,1.442485E+05,1.348706E+00,3.400147E+04,2.234262E-01,0.000000E+00,0.000000E+00,2.234262E-01,3.106906E+03,2.085353E+00,2.374653E+04,2.921569E+04,1.348065E+00,3.398930E+04,2.234262E-01,0.000000E+00,0.000000E+00,2.234262E-01,3.106906E+03,1.141327E+00,1.322767E+04,1.816247E+04
19:40:00,2.482415E+00,5.804277E+04,2.904702E-01,0.000000E+00,0.000000E+00,2.904702E-01,4.088968E+03,2.268433E+00,2.589121E+04,3.239726E+04,4.078489E+00,1.665524E+05,2.371128E+00,0.000000E+00,0.000000E+00,2.371128E+00,3.337853E+04,8.505638E+00,9.978613E+04,1.434700E+05,1.346417E+00,3.395801E+04,2.234262E-01,0.000000E+00,0.000000E+00,2.234262E-01,3.145185E+03,2.070700E+00,2.354498E+04,2.900894E+04,1.345775E+00,3.394583E+04,2.234262E-01,0.000000E+00,0.000000E+00,2.234262E-01,3.145185E+03,1.126313E+00,1.302211E+04,1.794461E+04
19:50:00,2.477286E+00,5.794540E+04,2.904702E-01,0.000000E+00,0.000000E+00,2.904702E-01,4.138734E+03,2.256323E+00,2.570650E+04,3.220623E+04,4.066809E+00,1.663307E+05,2.371128E+00,0.000000E+00,0.000000E+00,2.371128E+00,3.378477E+04,8.475869E+00,9.904817E+04,1.427031E+05,1.344172E+00,3.391539E+04,2.234262E-01,0.000000E+00,0.000000E+00,2.234262E-01,3.183465E+03,2.056811E+00,2.335194E+04,2.881074E+04,1.343529E+00,3.390319E+04,2.234262E-01,0.000000E+00,0.000000E+00,2.234262E-01,3.183465E+03,1.112118E+00,1.282565E+04,1.773660E+04
20:00:00,2.472250E+00,5.784981E+04,2.904702E-01,0.000000E+00,0.000000E+00,2.904702E-01,4.188500E+03,2.246142E+00,2.554328E+04,3.203879E+04,4.055315E+00,1.661125E+05,2.371128E+00,0.000000E+00,0.000000E+00,2.371128E+00,3.419101E+04,8.447008E+00,9.832033E+04,1.419471E+05,1.341969E+00,3.387359E+04,2.234262E-01,0.000000E+00,0.000000E+00,2.234262E-01,3.221744E+03,2.043745E+00,2.316806E+04,2.862190E+04,1.341326E+00,3.386137E+04,2.234262E-01,0.000000E+00,0.000000E+00,2.234262E-01,3.221744E+03,1.098805E+00,1.263903E+04,1.753930E+04
20:10:00,2.467305E+00,5.775594E+04,2.904702E-01,0.000000E+00,0.000000E+00,2.904702E-01,4.229217E+03,2.237311E+00,2.540423E+04,3.189868E+04,4.044003E+00,1.658977E+05,2.371128E+00,0.000000E+00,0.000000E+00,2.371128E+00,3.452339E+04,8.417845E+00,9.766336E+04,1.412685E+05,1.339809E+00,3.383258E+04,2.234262E-01,0.000000E+00,0.000000E+00,2.234262E-01,3.253063E+03,2.031208E+00,2.299720E+04,2.844868E+04,1.339165E+00,3.382034E+04,2.234262E-01,0.000000E+00,0.000000E+00,2.234262E-01,3.253063E+03,1.086122E+00,1.246646E+04,1.735970E+04
20:20:00,2.462450E+00,5.766378E+04,2.904702E-01,0.000000E+00,0.000000E+00,2.904702E-01,4.269935E+03,2.229415E+00,2.527564E+04,3.176680E+04,4.032870E+00,1.656864E+05,2.371128E+00,0.000000E+00,0.000000E+00,2.371128E+00,3.485577E+04,8.389701E+00,9.701794E+04,1.405895E+05,1.337689E+00,3.379234E+04,2.234262E-01,0.000000E+00,0.000000E+00,2.234262E-01,3.284383E+03,2.019600E+00,2.283676E+04,2.828323E+04,1.337044E+00,3.378009E+04,2.234262E-01,0.000000E+00,0.000000E+00,2.234262E-01,3.284383E+03,1.074442E+00,1.230509E+04,1.718697E+04
20:30:00,2.457686E+00,5.757334E+04,2.904702E-01,0.000000E+00,0.000000E+00,2.904702E-01,4.310652E+03,2.221311E+00,2.514473E+04,3.162869E+04,4.021921E+00,1.654786E+05,2.371128E+00,0.000000E+00,0.000000E+00,2.371128E+00,3.518815E+04,8.361361E+00,9.637026E+04,1.398926E+05,1.335611E+00,3.375289E+04,2.234262E-01,0.000000E+00,0.000000E+00,2.234262E-01,3.315702E+03,2.008177E+00,2.267834E+04,2.811505E+04,1.334965E+00,3.374063E+04,2.234262E-01,0.000000E+00,0.000000E+00,2.234262E-01,3.315702E+03,1.063083E+00,1.214729E+04,1.701141E+04
20:40:00,2.453008E+00,5.748454E+04,2.904702E-01,0.000000E+00,0.000000E+00,2.904702E-01,4.351370E+03,2.212918E+00,2.501056E+04,3.148822E+04,4.011145E+00,1.652740E+05,2.371128E+00,0.000000E+00,0.000000E+00,2.371128E+00,3.552053E+04,8.333272E+00,9.572529E+04,1.392044E+05,1.333573E+00,3.371419E+04,2.234262E-01,0.000000E+00,0.000000E+00,2.234262E-01,3.347022E+03,1.996845E+00,2.252091E+04,2.795002E+04,1.332926E+00,3.370191E+04,2.234262E-01,0.000000E+00,0.000000E+00,2.234262E-01,3.347022E+03,1.051977E+00,1.199229E+04,1.684161E+04
20:50:00,2.448413E+00,5.739732E+04,2.904702E-01,0.000000E+00,0.000000E+00,2.904702E-01,4.392087E+03,2.203922E+00,2.486961E+04,3.133735E+04,4.000537E+00,1.650727E+05,2.371128E+00,0.000000E+00,0.000000E+00,2.371128E+00,3.585291E+04,8.303728E+00,9.506371E+04,1.384843E+05,1.331572E+00,3.367622E+04,2.234262E-01,0.000000E+00,0.000000E+00,2.234262E-01,3.378341E+03,1.985373E+00,2.236177E+04,2.777954E+04,1.330924E+00,3.366391E+04,2.234262E-01,0.000000E+00,0.000000E+00,2.234262E-01,3.378341E+03,1.040895E+00,1.183749E+04,1.666669E+04
21:00:00,2.443900E+00,5.731165E+04,2.904702E-01,0.000000E+00,0.000000E+00,2.904702E-01,4.432805E+03,2.194464E+00,2.472349E+04,3.118725E+04,3.990094E+00,1.648745E+05,2.371128E+00,0.000000E+00,0.000000E+00,2.371128E+00,3.618529E+04,8.274042E+00,9.440053E+04,1.377900E+05,1.329609E+00,3.363895E+04,2.234262E-01,0.000000E+00,0.000000E+00,2.234262E-01,3.409660E+03,1.973880E+00,2.220239E+04,2.761751E+04,1.328960E+00,3.362662E+04,2.234262E-01,0.000000E+00,0.000000E+00,2.234262E-01,3.409660E+03,1.029974E+00,1.168447E+04,1.650578E+04
21:10:00,2.034698E+00,4.954374E+04,2.904702E-01,0.000000E+00,0.000000E+00,2.904702E-01,4.473522E+03,1.824940E+00,2.067146E+04,2.668890E+04,3.320717E+00,1.521683E+05,2.371128E+00,0.000000E+00,0.000000E+00,2.371128E+00,3.651767E+04,6.883351E+00,7.886019E+04,1.194644E+05,1.107187E+00,2.941666E+04,2.234262E-01,0.000000E+00,0.000000E+00,2.234262E-01,3.440980E+03,1.640222E+00,1.866728E+04,2.378774E+04,1.106646E+00,2.940638E+04,2.234262E-01,0.000000E+00,0.000000E+00,2.234262E-01,3.440980E+03,8.538470E-01,9.740405E+03,1.421795E+04
21:20:00,1.626270E+00,4.179051E+04,2.904702E-01,0.000000E+00,0.000000E+00,2.904702E-01,4.514239E+03,1.456744E+00,1.668366E+04,2.224164E+04,2.653124E+00,1.394960E+05,2.371128E+00,0.000000E+00,0.000000E+00,2.371128E+00,3.685005E+04,5.496944E+00,6.344622E+04,1.011645E+05,8.851023E-01,2.520077E+04,2.234262E-01,0.000000E+00,0.000000E+00,2.234262E-01,3.472299E+03,1.308383E+00,1.524588E+04,2.007205E+04,8.846687E-01,2.519254E+04,2.234262E-01,0.000000E+00,0.000000E+00,2.234262E-01,3.472299E+03,6.794903E-01,7.831717E+03,1.194128E+04
21:30:00,1.218599E+00,3.405167E+04,2.904702E-01,0.000000E+00,0.000000E+00,2.904702E-01,4.554957E+03,1.090038E+00,1.264235E+04,1.765873E+04,2.371128E+00,1.341431E+05,2.371128E+00,0.000000E+00,0.000000E+00,2.371128E+00,3.718242E+04,4.115311E+00,4.777549E+04,8.217712E+04,6.633472E-01,2.099114E+04,2.234262E-01,0.000000E+00,0.000000E+00,2.234262E-01,3.503618E+03,9.784148E-01,1.171166E+04,1.606751E+04,6.630218E-01,2.098496E+04,2.234262E-01,0.000000E+00,0.000000E+00,2.234262E-01,3.503618E+03,5.069322E-01,5.899742E+03,9.562834E+03
21:40:00,8.116721E-01,2.632694E+04,2.904702E-01,0.000000E+00,0.000000E+00,2.904702E-01,4.595674E+03,7.248361E-01,8.507982E+03,1.296988E+04,2.371128E+00,1.341431E+05,2.371128E+00,0.000000E+00,0.000000E+00,2.371128E+00,3.751480E+04,2.737923E+00,3.164041E+04,6.246264E+04,4.419156E-01,1.678765E+04,2.234262E-01,0.000000E+00,0.000000E+00,2.234262E-01,3.534938E+03,6.502628E-01,7.994489E+03,1.186006E+04,4.416985E-01,1.678353E+04,2.234262E-01,0.000000E+00,0.000000E+00,2.234262E-01,3.534938E+03,3.360872E-01,3.919502E+03,7.106782E+03
21:50:00,4.054765E-01,1.861610E+04,2.904702E-01,0.000000E+00,0.000000E+00,2.904702E-01,4.636392E+03,3.615162E-01,4.175844E+03,7.966452E+03,2.371128E+00,1.341431E+05,2.371128E+00,0.000000E+00,0.000000E+00,2.371128E+00,3.784718E+04,2.371128E+00,2.696086E+04,5.669697E+04,2.338545E-01,1.284036E+04,2.234262E-01,0.000000E+00,0.000000E+00,2.234262E-01,3.566257E+03,3.241606E-01,3.901873E+03,7.007120E+03,2.335385E-01,1.283429E+04,2.234262E-01,0.000000E+00,0.000000E+00,2.234262E-01,3.566257E+03,2.234262E-01,2.540463E+03,5.342431E+03
22:00:00,2.904702E-01,1.643293E+04,2.904702E-01,0.000000E+00,0.000000E+00,2.904702E-01,4.677109E+03,2.904702E-01,3.262068E+03,6.903643E+03,2.371128E+00,1.341431E+05,2.371128E+00,0.000000E+00,0.000000E+00,2.371128E+00,3.817956E+04,2.371128E+00,2.662848E+04,5.635491E+04,2.234262E-01,1.264001E+04,2.234262E-01,0.000000E+00,0.000000E+00,2.234262E-01,3.597577E+03,2.234262E-01,2.509144E+03,5.310200E+03,2.234262E-01,1.264001E+04,2.234262E-01,0.000000E+00,0.000000E+00,2.234262E-01,3.597577E+03,2.234262E-01,2.509144E+03,5.310200E+03
22:10:00,2.904702E-01,1.643293E+04,2.904702E-01,0.000000E+00,0.000000E+00,2.904702E-01,4.708779E+03,2.904702E-01,3.230399E+03,6.871049E+03,2.371128E+00,1.341431E+05,2.371128E+00,0.000000E+00,0.000000E+00,2.371128E+00,3.843808E+04,2.371128E+00,2.636996E+04,5.608885E+04,2.234262E-01,1.264001E+04,2.234262E-01,0.000000E+00,0.000000E+00,2.234262E-01,3.621936E+03,2.234262E-01,2.484784E+03,5.285129E+03,2.234262E-01,1.264001E+04,2.234262E-01,0.000000E+00,0.000000E+00,2.234262E-01,3.621936E+03,2.234262E-01,2.484784E+03,5.285129E+03
22:20:00,2.904702E-01,1.643293E+04,2.904702E-01,0.000000E+00,0.000000E+00,2.904702E-01,4.740448E+03,2.904702E-01,3.198730E+03,6.838456E+03,2.371128E+00,1.341431E+05,2.371128E+00,0.000000E+00,0.000000E+00,2.371128E+00,3.869660E+04,2.371128E+00,2.611145E+04,5.582278E+04,2.234262E-01,1.264001E+04,2.234262E-01,0.000000E+00,0.000000E+00,2.234262E-01,3.646296E+03,2.234262E-01,2.460425E+03,5.260059E+03,2.234262E-01,1.264001E+04,2.234262E-01,0.000000E+00,0.000000E+00,2.234262E-01,3.646296E+03,2.234262E-01,2.460425E+03,5.260059E+03
22:30:00,2.904702E-01,1.643293E+04,2.904702E-01,0.000000E+00,0.000000E+00,2.904702E-01,4.772117E+03,2.904702E-01,3.167060E+03,6.805868E+03,2.371128E+00,1.341431E+05,2.371128E+00,0.000000E+00,0.000000E+00,2.371128E+00,3.895512E+04,2.371128E+00,2.585293E+04,5.555677E+04,2.234262E-01,1.264001E+04,2.234262E-01,0.000000E+00,0.000000E+00,2.234262E-01,3.670655E+03,2.234262E-01,2.436065E+03,5.234993E+03,2.234262E-01,1.264001E+04,2.234262E-01,0.000000E+00,0.000000E+00,2.234262E-01,3.670655E+03,2.234262E-01,2.436065E+03,5.234993E+03
22:40:00,2.904702E-01,1.643293E+04,2.904702E-01,0.000000E+00,0.000000E+00,2.904702E-01,4.803786E+03,2.904702E-01,3.135391E+03,6.773275E+03,2.371128E+00,1.341431E+05,2.371128E+00,0.000000E+00,0.000000E+00,2.371128E+00,3.921363E+04,2.371128E+00,2.559441E+04,5.529070E+04,2.234262E-01,1.264001E+04,2.234262E-01,0.000000E+00,0.000000E+00,2.234262E-01,3.695015E+03,2.234262E-01,2.411705E+03,5.209922E+03,2.234262E-01,1.264001E+04,2.234262E-01,0.000000E+00,0.000000E+00,2.234262E-01,3.695015E+03,2.234262E-01,2.411705E+03,5.209922E+03
22:50:00,2.904702E-01,1.643293E+04,2.904702E-01,0.000000E+00,0.000000E+00,2.904702E-01,4.835455E+03,2.904702E-01,3.103722E+03,6.740681E+03,2.371128E+00,1.341431E+05,2.371128E+00,0.000000E+00,0.000000E+00,2.371128E+00,3.947215E+04,2.371128E+00,2.533590E+04,5.502464E+04,2.545292E-01,1.340315E+04,2.234262E-01,0.000000E+00,0.000000E+00,2.234262E-01,3.719374E+03,2.234262E-01,2.387346E+03,5.184851E+03,2.540787E-01,1.339210E+04,2.234262E-01,0.000000E+00,0.000000E+00,2.234262E-01,3.719374E+03,2.234262E-01,2.387346E+03,5.184851E+03
23:00:00,2.904702E-01,1.643293E+04,2.904702E-01,0.000000E+00,0.000000E+00,2.904702E-01,4.867124E+03,2.904702E-01,3.072053E+03,6.708093E+03,2.371128E+00,1.341431E+05,2.371128E+00,0.000000E+00,0.000000E+00,2.371128E+00,3.973067E+04,2.371128E+00,2.507738E+04,5.475862E+04,2.800440E-01,1.403007E+04,2.234262E-01,0.000000E+00,0.000000E+00,2.234262E-01,3.743734E+03,2.234262E-01,2.362986E+03,5.159785E+03,2.796303E-01,1.401991E+04,2.234262E-01,0.000000E+00,0.000000E+00,2.234262E-01,3.743734E+03,2.234262E-01,2.362986E+03,5.159785E+03
23:10:00,2.904702E-01,1.643293E+04,2.904702E-01,0.000000E+00,0.000000E+00,2.904702E-01,4.898793E+03,2.904702E-01,3.040384E+03,6.675500E+03,2.371128E+00,1.341431E+05,2.371128E+00,0.000000E+00,0.000000E+00,2.371128E+00,3.998919E+04,2.371128E+00,2.481886E+04,5.449256E+04,3.006540E-01,1.453668E+04,2.234262E-01,0.000000E+00,0.000000E+00,2.234262E-01,3.768093E+03,2.457872E-01,2.712083E+03,5.630299E+03,3.002521E-01,1.452681E+04,2.234262E-01,0.000000E+00,0.000000E+00,2.234262E-01,3.768093E+03,2.234262E-01,2.338627E+03,5.134715E+03
23:20:00,2.904702E-01,1.643293E+04,2.904702E-01,0.000000E+00,0.000000E+00,2.904702E-01,4.930463E+03,2.904702E-01,3.008715E+03,6.642907E+03,2.371128E+00,1.341431E+05,2.371128E+00,0.000000E+00,0.000000E+00,2.371128E+00,4.024770E+04,2.371128E+00,2.456034E+04,5.422650E+04,3.118714E-01,1.481219E+04,2.234262E-01,0.000000E+00,0.000000E+00,2.234262E-01,3.792453E+03,2.503034E-01,2.763644E+03,5.713511E+03,3.114809E-01,1.480260E+04,2.234262E-01,0.000000E+00,0.000000E+00,2.234262E-01,3.792453E+03,2.234262E-01,2.314267E+03,5.109645E+03
23:30:00,3.259958E-01,1.730541E+04,2.904702E-01,0.000000E+00,0.000000E+00,2.904702E-01,4.962132E+03,2.904702E-01,2.977045E+03,6.610318E+03,2.371128E+00,1.341431E+05,2.371128E+00,0.000000E+00,0.000000E+00,2.371128E+00,4.050622E+04,2.371128E+00,2.430183E+04,5.396048E+04,3.199962E-01,1.501174E+04,2.234262E-01,0.000000E+00,0.000000E+00,2.234262E-01,3.816812E+03,2.539638E-01,2.800490E+03,5.778773E+03,3.195961E-01,1.500192E+04,2.234262E-01,0.000000E+00,0.000000E+00,2.234262E-01,3.816812E+03,2.234262E-01,2.289908E+03,5.084578E+03
23:40:00,3.289460E-01,1.737786E+04,2.904702E-01,0.000000E+00,0.000000E+00,2.904702E-01,4.993801E+03,2.904702E-01,2.945376E+03,6.577726E+03,2.371128E+00,1.341431E+05,2.371128E+00,0.000000E+00,0.000000E+00,2.371128E+00,4.076474E+04,2.371128E+00,2.404331E+04,5.369442E+04,3.279201E-01,1.520637E+04,2.234262E-01,0.000000E+00,0.000000E+00,2.234262E-01,3.841172E+03,2.615187E-01,2.902445E+03,5.934779E+03,3.275023E-01,1.519611E+04,2.234262E-01,0.000000E+00,0.000000E+00,2.234262E-01,3.841172E+03,2.234262E-01,2.265548E+03,5.059508E+03
23:50:00,3.596701E-01,1.813243E+04,2.904702E-01,0.000000E+00,0.000000E+00,2.904702E-01,5.025470E+03,2.904702E-01,2.913707E+03,6.545133E+03,2.371128E+00,1.341431E+05,2.371128E+00,0.000000E+00,0.000000E+00,2.371128E+00,4.102325E+04,2.371128E+00,2.378479E+04,5.342837E+04,3.355326E-01,1.539333E+04,2.234262E-01,0.000000E+00,0.000000E+00,2.234262E-01,3.865531E+03,2.661726E-01,2.955893E+03,6.026374E+03,3.351082E-01,1.538291E+04,2.234262E-01,0.000000E+00,0.000000E+00,2.234262E-01,3.865531E+03,2.234262E-01,2.241189E+03,5.034438E+03
24:00:00,3.800968E-01,1.863410E+04,2.904702E-01,0.000000E+00,0.000000E+00,2.904702E-01,5.057139E+03,2.904702E-01,2.882038E+03,6.512544E+03,2.371128E+00,1.341431E+05,2.371128E+00,0.000000E+00,0.000000E+00,2.371128E+00,4.128177E+04,2.371128E+00,2.352627E+04,5.316234E+04,3.428423E-01,1.557287E+04,2.234262E-01,0.000000E+00,0.000000E+00,2.234262E-01,3.889891E+03,2.701659E-01,2.998296E+03,6.103843E+03,3.424115E-01,1.556229E+04,2.234262E-01,0.000000E+00,0.000000E+00,2.234262E-01,3.889891E+03,2.234262E-01,2.216829E+03,5.009371E+03
Coinc Peak   ,4.155482E+00,3.668534E+00,9.051326E+04,4.053058E+04,8.926989E+00,1.540652E+01,2.613803E+05,1.697846E+05,2.072714E+00,2.707802E+00,4.810450E+04,3.012355E+04,2.071930E+00,1.543419E+00,4.808944E+04,1.862981E+04
NonCoinc Peak,4.155482E+00,3.668534E+00,9.051326E+04,4.053058E+04,8.926989E+00,1.540652E+01,2.613803E+05,1.697846E+05,2.072714E+00,2.707802E+00,4.810450E+04,3.012355E+04,2.071930E+00,1.499242E+00,4.808944E+04,1.862981E+04
