Time,BLOCK SUPERMARKET STOREY 0:ANNUALSIZINGPERIOD:Des Heat Load [W],BLOCK SUPERMARKET STOREY 0:ANNUALSIZINGPERIOD:Des Sens Cool Load [W],BLOCK SUPERMARKET STOREY 0:ANNUALSIZINGPERIOD:Des Heat Mass Flow [kg/s],BLOCK SUPERMARKET STOREY 0:ANNUALSIZINGPERIOD:Des Cool Mass Flow [kg/s],BLOCK SUPERMARKET STOREY 0::Des Latent Heat Load [W],BLOCK SUPERMARKET STOREY 0::Des Latent Cool Load [W],BLOCK SUPERMARKET STOREY 0::Des Latent Heat Mass Flow [kg/s],BLOCK SUPERMARKET STOREY 0::Des Latent Cool Mass Flow [kg/s],BLOCK SUPERMARKET STOREY 0::Des Heat Load No DOAS [W],BLOCK SUPERMARKET STOREY 0::Des Sens Cool Load No DOAS [W],BLOCK SUPERMARKET STOREY 0::Des Latent Heat Load No DOAS [W],BLOCK SUPERMARKET STOREY 0::Des Latent Cool Load No DOAS [W],BLOCK SUPERMARKET STOREY 0:ANNUALSIZINGPERIOD:Heating Zone Temperature [C],BLOCK SUPERMARKET STOREY 0:ANNUALSIZINGPERIOD:Heating Zone Relative Humidity [%],BLOCK SUPERMARKET STOREY 0:ANNUALSIZINGPERIOD:Cooling Zone Temperature [C],BLOCK SUPERMARKET STOREY 0:ANNUALSIZINGPERIOD:Cooling Zone Relative Humidity [%]
00:10:00,7.066412E+03,7.813011E+03,2.390797E-01,6.844399E-01,0.000000E+00,0.000000E+00,0.000000E+00,0.000000E+00,0.000000E+00,0.000000E+00,0.000000E+00,0.000000E+00,2.101558E+01,8.584132E+01,2.399463E+01,5.826481E+01
00:20:00,7.467636E+03,7.361303E+03,2.526565E-01,6.448680E-01,0.000000E+00,0.000000E+00,0.000000E+00,0.000000E+00,0.000000E+00,0.000000E+00,0.000000E+00,0.000000E+00,2.101558E+01,8.553444E+01,2.399464E+01,5.864400E+01
00:30:00,7.877224E+03,6.915311E+03,2.665163E-01,6.057967E-01,0.000000E+00,0.000000E+00,0.000000E+00,0.000000E+00,0.000000E+00,0.000000E+00,0.000000E+00,0.000000E+00,2.101558E+01,8.523506E+01,2.399465E+01,5.903387E+01
00:40:00,8.295197E+03,6.475364E+03,2.806597E-01,5.672551E-01,0.000000E+00,0.000000E+00,0.000000E+00,0.000000E+00,0.000000E+00,0.000000E+00,0.000000E+00,0.000000E+00,2.101558E+01,8.494313E+01,2.399466E+01,5.943431E+01
00:50:00,8.721583E+03,6.041775E+03,2.950877E-01,5.292706E-01,0.000000E+00,0.000000E+00,0.000000E+00,0.000000E+00,0.000000E+00,0.000000E+00,0.000000E+00,0.000000E+00,2.101557E+01,8.465869E+01,2.399467E+01,5.984509E+01
01:00:00,9.156416E+03,5.614829E+03,3.098015E-01,4.918679E-01,0.000000E+00,0.000000E+00,0.000000E+00,0.000000E+00,0.000000E+00,0.000000E+00,0.000000E+00,0.000000E+00,2.101557E+01,8.438182E+01,2.399468E+01,6.026589E+01
01:10:00,9.246129E+03,5.471627E+03,3.128368E-01,4.793227E-01,0.000000E+00,0.000000E+00,0.000000E+00,0.000000E+00,0.000000E+00,0.000000E+00,0.000000E+00,0.000000E+00,2.101557E+01,8.411256E+01,2.399469E+01,6.069639E+01
01:20:00,9.334434E+03,5.332228E+03,3.158246E-01,4.671108E-01,0.000000E+00,0.000000E+00,0.000000E+00,0.000000E+00,0.000000E+00,0.000000E+00,0.000000E+00,0.000000E+00,2.101556E+01,8.385085E+01,2.399470E+01,6.113639E+01
01:30:00,9.421371E+03,5.196562E+03,3.187660E-01,4.552258E-01,0.000000E+00,0.000000E+00,0.000000E+00,0.000000E+00,0.000000E+00,0.000000E+00,0.000000E+00,0.000000E+00,2.101556E+01,8.359692E+01,2.399471E+01,6.158581E+01
01:40:00,9.506986E+03,5.064403E+03,3.216627E-01,4.436481E-01,0.000000E+00,0.000000E+00,0.000000E+00,0.000000E+00,0.000000E+00,0.000000E+00,0.000000E+00,0.000000E+00,2.101556E+01,8.335079E+01,2.399472E+01,6.204483E+01
01:50:00,9.591334E+03,4.935427E+03,3.245165E-01,4.323494E-01,0.000000E+00,0.000000E+00,0.000000E+00,0.000000E+00,0.000000E+00,0.000000E+00,0.000000E+00,0.000000E+00,2.101556E+01,8.311226E+01,2.399473E+01,6.251385E+01
02:00:00,9.674476E+03,4.809237E+03,3.273295E-01,4.212946E-01,0.000000E+00,0.000000E+00,0.000000E+00,0.000000E+00,0.000000E+00,0.000000E+00,0.000000E+00,0.000000E+00,2.101556E+01,8.288103E+01,2.399474E+01,6.299358E+01
02:10:00,9.756460E+03,4.685390E+03,3.301034E-01,4.104451E-01,0.000000E+00,0.000000E+00,0.000000E+00,0.000000E+00,0.000000E+00,0.000000E+00,0.000000E+00,0.000000E+00,2.101556E+01,8.265674E+01,2.399475E+01,6.348500E+01
02:20:00,9.837341E+03,4.563432E+03,3.328399E-01,3.997611E-01,0.000000E+00,0.000000E+00,0.000000E+00,0.000000E+00,0.000000E+00,0.000000E+00,0.000000E+00,0.000000E+00,2.101555E+01,8.243912E+01,2.399477E+01,6.398935E+01
02:30:00,9.917151E+03,4.442931E+03,3.355402E-01,3.892046E-01,0.000000E+00,0.000000E+00,0.000000E+00,0.000000E+00,0.000000E+00,0.000000E+00,0.000000E+00,0.000000E+00,2.101555E+01,8.222717E+01,2.399478E+01,6.450808E+01
02:40:00,9.995915E+03,4.323496E+03,3.382051E-01,3.787415E-01,0.000000E+00,0.000000E+00,0.000000E+00,0.000000E+00,0.000000E+00,0.000000E+00,0.000000E+00,0.000000E+00,2.101554E+01,8.202025E+01,2.399480E+01,6.504282E+01
02:50:00,1.007364E+04,4.204803E+03,3.408349E-01,3.683434E-01,0.000000E+00,0.000000E+00,0.000000E+00,0.000000E+00,0.000000E+00,0.000000E+00,0.000000E+00,0.000000E+00,2.101554E+01,8.181812E+01,2.399483E+01,6.559534E+01
03:00:00,1.015032E+04,4.086606E+03,3.434293E-01,3.579886E-01,0.000000E+00,0.000000E+00,0.000000E+00,0.000000E+00,0.000000E+00,0.000000E+00,0.000000E+00,0.000000E+00,2.101554E+01,8.162071E+01,2.399485E+01,6.616750E+01
03:10:00,1.022595E+04,3.968750E+03,3.459881E-01,3.476637E-01,0.000000E+00,0.000000E+00,0.000000E+00,0.000000E+00,0.000000E+00,0.000000E+00,0.000000E+00,0.000000E+00,2.101553E+01,8.142800E+01,2.399488E+01,6.676118E+01
03:20:00,1.030050E+04,3.851180E+03,3.485103E-01,3.373638E-01,0.000000E+00,0.000000E+00,0.000000E+00,0.000000E+00,0.000000E+00,0.000000E+00,0.000000E+00,0.000000E+00,2.101553E+01,8.124000E+01,2.399492E+01,6.737821E+01
03:30:00,1.037394E+04,3.733945E+03,3.509951E-01,3.270932E-01,0.000000E+00,0.000000E+00,0.000000E+00,0.000000E+00,0.000000E+00,0.000000E+00,0.000000E+00,0.000000E+00,2.101552E+01,8.105667E+01,2.399495E+01,6.802030E+01
03:40:00,1.044624E+04,3.617192E+03,3.534415E-01,3.168648E-01,0.000000E+00,0.000000E+00,0.000000E+00,0.000000E+00,0.000000E+00,0.000000E+00,0.000000E+00,0.000000E+00,2.101552E+01,8.087799E+01,2.399499E+01,6.868898E+01
03:50:00,1.051738E+04,3.501155E+03,3.558483E-01,3.066991E-01,0.000000E+00,0.000000E+00,0.000000E+00,0.000000E+00,0.000000E+00,0.000000E+00,0.000000E+00,0.000000E+00,2.101551E+01,8.070391E+01,2.399503E+01,6.938554E+01
04:00:00,1.058732E+04,3.386132E+03,3.582145E-01,2.966222E-01,0.000000E+00,0.000000E+00,0.000000E+00,0.000000E+00,0.000000E+00,0.000000E+00,0.000000E+00,0.000000E+00,2.101551E+01,8.053437E+01,2.399506E+01,7.011098E+01
04:10:00,1.065602E+04,3.272455E+03,3.605390E-01,2.866633E-01,0.000000E+00,0.000000E+00,0.000000E+00,0.000000E+00,0.000000E+00,0.000000E+00,0.000000E+00,0.000000E+00,2.101550E+01,8.036936E+01,2.399511E+01,7.086604E+01
04:20:00,1.072346E+04,3.160463E+03,3.628207E-01,2.768520E-01,0.000000E+00,0.000000E+00,0.000000E+00,0.000000E+00,0.000000E+00,0.000000E+00,0.000000E+00,0.000000E+00,2.101550E+01,8.020879E+01,2.399515E+01,7.165125E+01
04:30:00,1.078960E+04,3.050476E+03,3.650583E-01,2.672163E-01,0.000000E+00,0.000000E+00,0.000000E+00,0.000000E+00,0.000000E+00,0.000000E+00,0.000000E+00,0.000000E+00,2.101549E+01,8.005297E+01,2.399519E+01,7.246692E+01
04:40:00,1.085440E+04,2.942770E+03,3.672506E-01,2.577806E-01,0.000000E+00,0.000000E+00,0.000000E+00,0.000000E+00,0.000000E+00,0.000000E+00,0.000000E+00,0.000000E+00,2.101549E+01,7.990202E+01,2.399523E+01,7.331323E+01
04:50:00,1.091763E+04,2.837573E+03,3.693901E-01,2.485646E-01,0.000000E+00,0.000000E+00,0.000000E+00,0.000000E+00,0.000000E+00,0.000000E+00,0.000000E+00,0.000000E+00,2.101548E+01,7.975591E+01,2.399527E+01,7.419027E+01
05:00:00,1.097938E+04,2.735054E+03,3.714792E-01,2.395833E-01,0.000000E+00,0.000000E+00,0.000000E+00,0.000000E+00,0.000000E+00,0.000000E+00,0.000000E+00,0.000000E+00,2.101548E+01,7.961478E+01,2.399531E+01,7.509809E+01
05:10:00,1.103967E+04,2.635343E+03,3.735189E-01,2.308480E-01,0.000000E+00,0.000000E+00,0.000000E+00,0.000000E+00,0.000000E+00,0.000000E+00,0.000000E+00,0.000000E+00,2.101547E+01,7.947845E+01,2.399535E+01,7.603669E+01
05:20:00,1.109850E+04,2.538541E+03,3.755093E-01,2.223676E-01,0.000000E+00,0.000000E+00,0.000000E+00,0.000000E+00,0.000000E+00,0.000000E+00,0.000000E+00,0.000000E+00,2.101547E+01,7.934668E+01,2.399540E+01,7.700607E+01
05:30:00,1.115588E+04,2.444760E+03,3.774508E-01,2.141520E-01,0.000000E+00,0.000000E+00,0.000000E+00,0.000000E+00,0.000000E+00,0.000000E+00,0.000000E+00,0.000000E+00,2.101547E+01,7.921923E+01,2.399544E+01,7.800609E+01
05:40:00,1.121185E+04,2.354155E+03,3.793445E-01,2.062145E-01,0.000000E+00,0.000000E+00,0.000000E+00,0.000000E+00,0.000000E+00,0.000000E+00,0.000000E+00,0.000000E+00,2.101546E+01,7.909591E+01,2.399548E+01,7.903641E+01
05:50:00,1.126665E+04,2.266951E+03,3.811983E-01,1.985751E-01,0.000000E+00,0.000000E+00,0.000000E+00,0.000000E+00,0.000000E+00,0.000000E+00,0.000000E+00,0.000000E+00,2.101546E+01,7.897659E+01,2.399552E+01,8.009617E+01
06:00:00,1.132022E+04,2.183472E+03,3.830111E-01,1.912620E-01,0.000000E+00,0.000000E+00,0.000000E+00,0.000000E+00,0.000000E+00,0.000000E+00,0.000000E+00,0.000000E+00,2.101545E+01,7.886108E+01,2.399555E+01,8.118384E+01
06:10:00,1.137261E+04,2.104148E+03,3.847833E-01,1.843129E-01,0.000000E+00,0.000000E+00,0.000000E+00,0.000000E+00,0.000000E+00,0.000000E+00,0.000000E+00,0.000000E+00,2.101545E+01,7.874921E+01,2.399559E+01,8.229698E+01
06:20:00,1.142386E+04,2.029514E+03,3.865175E-01,1.777748E-01,0.000000E+00,0.000000E+00,0.000000E+00,0.000000E+00,0.000000E+00,0.000000E+00,0.000000E+00,0.000000E+00,2.101545E+01,7.864080E+01,2.399561E+01,8.343184E+01
06:30:00,1.147407E+04,1.960188E+03,3.882163E-01,1.717017E-01,0.000000E+00,0.000000E+00,0.000000E+00,0.000000E+00,0.000000E+00,0.000000E+00,0.000000E+00,0.000000E+00,2.101544E+01,7.853565E+01,2.399563E+01,8.458344E+01
06:40:00,1.152331E+04,1.897012E+03,3.898821E-01,1.661674E-01,0.000000E+00,0.000000E+00,0.000000E+00,0.000000E+00,0.000000E+00,0.000000E+00,0.000000E+00,0.000000E+00,2.101544E+01,7.843359E+01,2.399564E+01,8.572836E+01
06:50:00,1.157163E+04,1.840579E+03,3.915170E-01,1.612239E-01,0.000000E+00,0.000000E+00,0.000000E+00,0.000000E+00,0.000000E+00,0.000000E+00,0.000000E+00,0.000000E+00,2.101544E+01,7.833441E+01,2.399563E+01,8.683476E+01
07:00:00,1.161911E+04,1.791554E+03,3.931232E-01,1.569294E-01,0.000000E+00,0.000000E+00,0.000000E+00,0.000000E+00,0.000000E+00,0.000000E+00,0.000000E+00,0.000000E+00,2.101544E+01,7.823796E+01,2.399561E+01,8.788351E+01
07:10:00,1.166578E+04,1.750641E+03,3.947023E-01,1.533458E-01,0.000000E+00,0.000000E+00,0.000000E+00,0.000000E+00,0.000000E+00,0.000000E+00,0.000000E+00,0.000000E+00,2.101544E+01,7.814406E+01,2.399558E+01,8.886466E+01
07:20:00,1.171169E+04,1.718520E+03,3.962556E-01,1.505323E-01,0.000000E+00,0.000000E+00,0.000000E+00,0.000000E+00,0.000000E+00,0.000000E+00,0.000000E+00,0.000000E+00,2.101544E+01,7.805255E+01,2.399554E+01,8.977101E+01
07:30:00,1.175687E+04,1.695830E+03,3.977843E-01,1.485452E-01,0.000000E+00,0.000000E+00,0.000000E+00,0.000000E+00,0.000000E+00,0.000000E+00,0.000000E+00,0.000000E+00,2.101544E+01,7.796363E+01,2.399547E+01,9.059508E+01
07:40:00,1.180134E+04,1.682995E+03,3.992890E-01,1.474214E-01,0.000000E+00,0.000000E+00,0.000000E+00,0.000000E+00,0.000000E+00,0.000000E+00,0.000000E+00,0.000000E+00,2.101544E+01,7.787734E+01,2.399539E+01,9.132770E+01
07:50:00,1.184512E+04,1.680652E+03,4.007702E-01,1.472169E-01,0.000000E+00,0.000000E+00,0.000000E+00,0.000000E+00,0.000000E+00,0.000000E+00,0.000000E+00,0.000000E+00,2.101544E+01,7.779356E+01,2.399528E+01,9.195836E+01
08:00:00,1.188819E+04,1.689466E+03,4.022273E-01,1.479901E-01,0.000000E+00,0.000000E+00,0.000000E+00,0.000000E+00,0.000000E+00,0.000000E+00,0.000000E+00,0.000000E+00,2.101544E+01,7.771215E+01,2.399515E+01,9.247590E+01
08:10:00,1.193045E+04,1.709744E+03,4.036572E-01,1.497677E-01,0.000000E+00,0.000000E+00,0.000000E+00,0.000000E+00,0.000000E+00,0.000000E+00,0.000000E+00,0.000000E+00,2.101545E+01,7.763297E+01,2.399499E+01,9.286832E+01
08:20:00,1.197173E+04,1.741714E+03,4.050538E-01,1.525698E-01,0.000000E+00,0.000000E+00,0.000000E+00,0.000000E+00,0.000000E+00,0.000000E+00,0.000000E+00,0.000000E+00,2.101544E+01,7.755604E+01,2.399480E+01,9.312509E+01
08:30:00,1.201167E+04,1.785527E+03,4.064054E-01,1.564099E-01,0.000000E+00,0.000000E+00,0.000000E+00,0.000000E+00,0.000000E+00,0.000000E+00,0.000000E+00,0.000000E+00,2.101544E+01,7.748087E+01,2.399460E+01,9.323796E+01
08:40:00,1.204975E+04,1.841229E+03,4.076938E-01,1.612918E-01,0.000000E+00,0.000000E+00,0.000000E+00,0.000000E+00,0.000000E+00,0.000000E+00,0.000000E+00,0.000000E+00,2.101544E+01,7.740743E+01,2.399438E+01,9.320039E+01
08:50:00,1.208521E+04,1.908764E+03,4.088933E-01,1.672107E-01,0.000000E+00,0.000000E+00,0.000000E+00,0.000000E+00,0.000000E+00,0.000000E+00,0.000000E+00,0.000000E+00,2.101543E+01,7.733497E+01,2.399414E+01,9.300787E+01
09:00:00,1.211687E+04,1.987817E+03,4.099645E-01,1.741393E-01,0.000000E+00,0.000000E+00,0.000000E+00,0.000000E+00,0.000000E+00,0.000000E+00,0.000000E+00,0.000000E+00,2.101541E+01,7.726404E+01,2.399388E+01,9.265843E+01
09:10:00,1.214372E+04,2.078217E+03,4.108729E-01,1.820624E-01,0.000000E+00,0.000000E+00,0.000000E+00,0.000000E+00,0.000000E+00,0.000000E+00,0.000000E+00,0.000000E+00,2.101539E+01,7.719650E+01,2.399362E+01,9.215289E+01
09:20:00,1.216453E+04,2.179848E+03,4.115769E-01,1.909700E-01,0.000000E+00,0.000000E+00,0.000000E+00,0.000000E+00,0.000000E+00,0.000000E+00,0.000000E+00,0.000000E+00,2.101536E+01,7.713441E+01,2.399336E+01,9.149518E+01
09:30:00,1.217793E+04,2.292299E+03,4.120297E-01,2.008260E-01,0.000000E+00,0.000000E+00,0.000000E+00,0.000000E+00,0.000000E+00,0.000000E+00,0.000000E+00,0.000000E+00,2.101533E+01,7.708000E+01,2.399309E+01,9.069095E+01
09:40:00,1.218226E+04,2.415153E+03,4.121761E-01,2.115941E-01,0.000000E+00,0.000000E+00,0.000000E+00,0.000000E+00,0.000000E+00,0.000000E+00,0.000000E+00,0.000000E+00,2.101529E+01,7.703563E+01,2.399283E+01,8.974964E+01
09:50:00,1.217620E+04,2.548001E+03,4.119705E-01,2.232382E-01,0.000000E+00,0.000000E+00,0.000000E+00,0.000000E+00,0.000000E+00,0.000000E+00,0.000000E+00,0.000000E+00,2.101523E+01,7.700406E+01,2.399258E+01,8.868391E+01
10:00:00,1.215873E+04,2.690417E+03,4.113788E-01,2.357211E-01,0.000000E+00,0.000000E+00,0.000000E+00,0.000000E+00,0.000000E+00,0.000000E+00,0.000000E+00,0.000000E+00,2.101517E+01,7.698789E+01,2.399235E+01,8.750863E+01
10:10:00,1.212848E+04,2.841976E+03,4.103548E-01,2.490055E-01,0.000000E+00,0.000000E+00,0.000000E+00,0.000000E+00,0.000000E+00,0.000000E+00,0.000000E+00,0.000000E+00,2.101511E+01,7.698952E+01,2.399213E+01,8.624014E+01
10:20:00,1.208465E+04,3.002120E+03,4.088710E-01,2.630424E-01,0.000000E+00,0.000000E+00,0.000000E+00,0.000000E+00,0.000000E+00,0.000000E+00,0.000000E+00,0.000000E+00,2.101504E+01,7.701129E+01,2.399193E+01,8.489579E+01
10:30:00,1.202674E+04,3.170533E+03,4.069109E-01,2.778040E-01,0.000000E+00,0.000000E+00,0.000000E+00,0.000000E+00,0.000000E+00,0.000000E+00,0.000000E+00,0.000000E+00,2.101496E+01,7.705520E+01,2.399175E+01,8.349327E+01
10:40:00,1.195474E+04,3.346896E+03,4.044739E-01,2.932623E-01,0.000000E+00,0.000000E+00,0.000000E+00,0.000000E+00,0.000000E+00,0.000000E+00,0.000000E+00,0.000000E+00,2.101488E+01,7.712285E+01,2.399159E+01,8.205015E+01
10:50:00,1.186867E+04,3.530892E+03,4.015608E-01,3.093895E-01,0.000000E+00,0.000000E+00,0.000000E+00,0.000000E+00,0.000000E+00,0.000000E+00,0.000000E+00,0.000000E+00,2.101480E+01,7.721560E+01,2.399146E+01,8.058336E+01
11:00:00,1.176877E+04,3.722238E+03,3.981797E-01,3.261606E-01,0.000000E+00,0.000000E+00,0.000000E+00,0.000000E+00,0.000000E+00,0.000000E+00,0.000000E+00,0.000000E+00,2.101471E+01,7.733458E+01,2.399135E+01,7.909020E+01
11:10:00,1.165566E+04,3.920678E+03,3.943519E-01,3.435532E-01,0.000000E+00,0.000000E+00,0.000000E+00,0.000000E+00,0.000000E+00,0.000000E+00,0.000000E+00,0.000000E+00,2.101463E+01,7.748070E+01,2.399127E+01,7.755819E+01
11:20:00,1.152989E+04,4.125979E+03,3.900956E-01,3.615466E-01,0.000000E+00,0.000000E+00,0.000000E+00,0.000000E+00,0.000000E+00,0.000000E+00,0.000000E+00,0.000000E+00,2.101454E+01,7.765465E+01,2.399121E+01,7.599170E+01
11:30:00,1.139214E+04,4.337917E+03,3.854338E-01,3.801211E-01,0.000000E+00,0.000000E+00,0.000000E+00,0.000000E+00,0.000000E+00,0.000000E+00,0.000000E+00,0.000000E+00,2.101446E+01,7.785695E+01,2.399120E+01,7.440733E+01
11:40:00,1.124302E+04,4.556262E+03,3.803873E-01,3.992562E-01,0.000000E+00,0.000000E+00,0.000000E+00,0.000000E+00,0.000000E+00,0.000000E+00,0.000000E+00,0.000000E+00,2.101437E+01,7.808628E+01,2.399121E+01,7.282531E+01
11:50:00,1.108349E+04,4.780759E+03,3.749889E-01,4.189296E-01,0.000000E+00,0.000000E+00,0.000000E+00,0.000000E+00,0.000000E+00,0.000000E+00,0.000000E+00,0.000000E+00,2.101429E+01,7.833893E+01,2.399125E+01,7.126469E+01
12:00:00,1.091453E+04,5.011104E+03,3.692716E-01,4.391145E-01,0.000000E+00,0.000000E+00,0.000000E+00,0.000000E+00,0.000000E+00,0.000000E+00,0.000000E+00,0.000000E+00,2.101420E+01,7.861260E+01,2.399132E+01,6.974172E+01
12:10:00,1.073712E+04,5.246910E+03,3.632680E-01,4.597766E-01,0.000000E+00,0.000000E+00,0.000000E+00,0.000000E+00,0.000000E+00,0.000000E+00,0.000000E+00,0.000000E+00,2.101412E+01,7.890648E+01,2.399141E+01,6.826978E+01
12:20:00,1.055222E+04,5.487679E+03,3.570114E-01,4.808724E-01,0.000000E+00,0.000000E+00,0.000000E+00,0.000000E+00,0.000000E+00,0.000000E+00,0.000000E+00,0.000000E+00,2.101403E+01,7.922055E+01,2.399152E+01,6.685965E+01
12:30:00,1.036085E+04,5.732784E+03,3.505357E-01,5.023469E-01,0.000000E+00,0.000000E+00,0.000000E+00,0.000000E+00,0.000000E+00,0.000000E+00,0.000000E+00,0.000000E+00,2.101395E+01,7.955554E+01,2.399164E+01,6.551970E+01
12:40:00,1.016419E+04,5.981468E+03,3.438811E-01,5.241339E-01,0.000000E+00,0.000000E+00,0.000000E+00,0.000000E+00,0.000000E+00,0.000000E+00,0.000000E+00,0.000000E+00,2.101386E+01,7.991169E+01,2.399177E+01,6.425611E+01
12:50:00,9.963139E+03,6.232856E+03,3.370781E-01,5.461567E-01,0.000000E+00,0.000000E+00,0.000000E+00,0.000000E+00,0.000000E+00,0.000000E+00,0.000000E+00,0.000000E+00,2.101378E+01,8.028871E+01,2.399191E+01,6.307294E+01
13:00:00,9.758637E+03,6.485993E+03,3.301583E-01,5.683316E-01,0.000000E+00,0.000000E+00,0.000000E+00,0.000000E+00,0.000000E+00,0.000000E+00,0.000000E+00,0.000000E+00,2.101369E+01,8.068602E+01,2.399206E+01,6.197231E+01
13:10:00,9.551641E+03,6.739891E+03,3.231542E-01,5.905724E-01,0.000000E+00,0.000000E+00,0.000000E+00,0.000000E+00,0.000000E+00,0.000000E+00,0.000000E+00,0.000000E+00,2.101361E+01,8.110284E+01,2.399220E+01,6.095451E+01
13:20:00,9.343097E+03,6.993584E+03,3.160977E-01,6.127942E-01,0.000000E+00,0.000000E+00,0.000000E+00,0.000000E+00,0.000000E+00,0.000000E+00,0.000000E+00,0.000000E+00,2.101353E+01,8.153832E+01,2.399235E+01,6.001821E+01
13:30:00,9.133910E+03,7.246170E+03,3.090195E-01,6.349184E-01,0.000000E+00,0.000000E+00,0.000000E+00,0.000000E+00,0.000000E+00,0.000000E+00,0.000000E+00,0.000000E+00,2.101344E+01,8.199121E+01,2.399249E+01,5.916067E+01
13:40:00,8.924952E+03,7.496853E+03,3.019492E-01,6.568753E-01,0.000000E+00,0.000000E+00,0.000000E+00,0.000000E+00,0.000000E+00,0.000000E+00,0.000000E+00,0.000000E+00,2.101337E+01,8.246036E+01,2.399262E+01,5.837806E+01
13:50:00,8.717059E+03,7.744958E+03,2.949149E-01,6.786060E-01,0.000000E+00,0.000000E+00,0.000000E+00,0.000000E+00,0.000000E+00,0.000000E+00,0.000000E+00,0.000000E+00,2.101329E+01,8.294474E+01,2.399275E+01,5.766572E+01
14:00:00,8.511030E+03,7.989937E+03,2.879438E-01,7.000624E-01,0.000000E+00,0.000000E+00,0.000000E+00,0.000000E+00,0.000000E+00,0.000000E+00,0.000000E+00,0.000000E+00,2.101321E+01,8.344332E+01,2.399286E+01,5.701846E+01
14:10:00,8.307636E+03,8.231357E+03,2.810618E-01,7.212068E-01,0.000000E+00,0.000000E+00,0.000000E+00,0.000000E+00,0.000000E+00,0.000000E+00,0.000000E+00,0.000000E+00,2.101314E+01,8.395499E+01,2.399297E+01,5.643082E+01
14:20:00,8.107620E+03,8.468881E+03,2.742942E-01,7.420100E-01,0.000000E+00,0.000000E+00,0.000000E+00,0.000000E+00,0.000000E+00,0.000000E+00,0.000000E+00,0.000000E+00,2.101308E+01,8.447851E+01,2.399307E+01,5.589733E+01
14:30:00,7.911710E+03,8.702253E+03,2.676656E-01,7.624495E-01,0.000000E+00,0.000000E+00,0.000000E+00,0.000000E+00,0.000000E+00,0.000000E+00,0.000000E+00,0.000000E+00,2.101302E+01,8.501248E+01,2.399317E+01,5.541266E+01
14:40:00,7.720616E+03,8.931269E+03,2.612000E-01,7.825075E-01,0.000000E+00,0.000000E+00,0.000000E+00,0.000000E+00,0.000000E+00,0.000000E+00,0.000000E+00,0.000000E+00,2.101296E+01,8.555537E+01,2.399325E+01,5.497175E+01
14:50:00,7.535028E+03,9.155755E+03,2.549207E-01,8.021689E-01,0.000000E+00,0.000000E+00,0.000000E+00,0.000000E+00,0.000000E+00,0.000000E+00,0.000000E+00,0.000000E+00,2.101291E+01,8.610548E+01,2.399332E+01,5.456996E+01
15:00:00,7.355613E+03,9.375546E+03,2.488503E-01,8.214192E-01,0.000000E+00,0.000000E+00,0.000000E+00,0.000000E+00,0.000000E+00,0.000000E+00,0.000000E+00,0.000000E+00,2.101287E+01,8.666093E+01,2.399339E+01,5.420306E+01
15:10:00,7.183009E+03,9.590468E+03,2.430105E-01,8.402432E-01,0.000000E+00,0.000000E+00,0.000000E+00,0.000000E+00,0.000000E+00,0.000000E+00,0.000000E+00,0.000000E+00,2.101284E+01,8.721970E+01,2.399345E+01,5.386729E+01
15:20:00,7.017846E+03,9.800316E+03,2.374225E-01,8.586230E-01,0.000000E+00,0.000000E+00,0.000000E+00,0.000000E+00,0.000000E+00,0.000000E+00,0.000000E+00,0.000000E+00,2.101282E+01,8.777960E+01,2.399351E+01,5.355937E+01
15:30:00,6.860801E+03,1.000485E+04,2.321092E-01,8.765377E-01,0.000000E+00,0.000000E+00,0.000000E+00,0.000000E+00,0.000000E+00,0.000000E+00,0.000000E+00,0.000000E+00,2.101282E+01,8.833824E+01,2.399356E+01,5.327643E+01
15:40:00,6.712614E+03,1.020379E+04,2.270957E-01,8.939623E-01,0.000000E+00,0.000000E+00,0.000000E+00,0.000000E+00,0.000000E+00,0.000000E+00,0.000000E+00,0.000000E+00,2.101285E+01,8.889288E+01,2.399361E+01,5.301604E+01
15:50:00,6.572772E+03,1.039662E+04,2.223646E-01,9.108519E-01,0.000000E+00,0.000000E+00,0.000000E+00,0.000000E+00,0.000000E+00,0.000000E+00,0.000000E+00,0.000000E+00,2.101289E+01,8.944045E+01,2.399365E+01,5.277613E+01
16:00:00,6.441165E+03,1.058305E+04,2.179122E-01,9.271812E-01,0.000000E+00,0.000000E+00,0.000000E+00,0.000000E+00,0.000000E+00,0.000000E+00,0.000000E+00,0.000000E+00,2.101290E+01,8.998011E+01,2.399369E+01,5.255514E+01
16:10:00,6.315569E+03,1.076269E+04,2.136631E-01,9.429153E-01,0.000000E+00,0.000000E+00,0.000000E+00,0.000000E+00,0.000000E+00,0.000000E+00,0.000000E+00,0.000000E+00,2.101282E+01,9.051132E+01,2.399373E+01,5.235157E+01
16:20:00,6.195954E+03,1.093502E+04,2.096161E-01,9.580098E-01,0.000000E+00,0.000000E+00,0.000000E+00,0.000000E+00,0.000000E+00,0.000000E+00,0.000000E+00,0.000000E+00,2.101251E+01,9.103763E+01,2.399376E+01,5.216409E+01
16:30:00,6.081525E+03,1.109949E+04,2.057443E-01,9.724152E-01,0.000000E+00,0.000000E+00,0.000000E+00,0.000000E+00,0.000000E+00,0.000000E+00,0.000000E+00,0.000000E+00,2.101234E+01,9.155705E+01,2.399379E+01,5.199166E+01
16:40:00,5.971826E+03,1.125549E+04,2.020323E-01,9.860788E-01,0.000000E+00,0.000000E+00,0.000000E+00,0.000000E+00,0.000000E+00,0.000000E+00,0.000000E+00,0.000000E+00,2.101222E+01,9.206935E+01,2.399383E+01,5.183349E+01
16:50:00,5.867550E+03,1.140257E+04,1.985037E-01,9.989618E-01,0.000000E+00,0.000000E+00,0.000000E+00,0.000000E+00,0.000000E+00,0.000000E+00,0.000000E+00,0.000000E+00,2.101213E+01,9.257276E+01,2.399386E+01,5.168898E+01
17:00:00,5.768988E+03,1.154005E+04,1.951683E-01,1.011003E+00,0.000000E+00,0.000000E+00,0.000000E+00,0.000000E+00,0.000000E+00,0.000000E+00,0.000000E+00,0.000000E+00,2.101205E+01,9.306497E+01,2.399388E+01,5.155759E+01
17:10:00,5.678530E+03,1.166732E+04,1.921071E-01,1.022150E+00,0.000000E+00,0.000000E+00,0.000000E+00,0.000000E+00,0.000000E+00,0.000000E+00,0.000000E+00,0.000000E+00,2.101200E+01,9.354333E+01,2.399391E+01,5.143887E+01
17:20:00,5.596329E+03,1.178395E+04,1.893257E-01,1.032366E+00,0.000000E+00,0.000000E+00,0.000000E+00,0.000000E+00,0.000000E+00,0.000000E+00,0.000000E+00,0.000000E+00,2.101197E+01,9.400503E+01,2.399394E+01,5.133235E+01
17:30:00,5.523182E+03,1.188940E+04,1.868506E-01,1.041601E+00,0.000000E+00,0.000000E+00,0.000000E+00,0.000000E+00,0.000000E+00,0.000000E+00,0.000000E+00,0.000000E+00,2.101195E+01,9.444755E+01,2.399396E+01,5.123752E+01
17:40:00,5.459527E+03,1.198363E+04,1.846969E-01,1.049854E+00,0.000000E+00,0.000000E+00,0.000000E+00,0.000000E+00,0.000000E+00,0.000000E+00,0.000000E+00,0.000000E+00,2.101195E+01,9.486806E+01,2.399399E+01,5.115411E+01
17:50:00,5.405550E+03,1.206665E+04,1.828706E-01,1.057124E+00,0.000000E+00,0.000000E+00,0.000000E+00,0.000000E+00,0.000000E+00,0.000000E+00,0.000000E+00,0.000000E+00,2.101197E+01,9.526332E+01,2.399401E+01,5.108149E+01
18:00:00,5.361335E+03,1.213845E+04,1.813748E-01,1.063412E+00,0.000000E+00,0.000000E+00,0.000000E+00,0.000000E+00,0.000000E+00,0.000000E+00,0.000000E+00,0.000000E+00,2.101200E+01,9.563045E+01,2.399403E+01,5.101898E+01
18:10:00,5.326864E+03,1.219906E+04,1.802087E-01,1.068720E+00,0.000000E+00,0.000000E+00,0.000000E+00,0.000000E+00,0.000000E+00,0.000000E+00,0.000000E+00,0.000000E+00,2.101205E+01,9.596700E+01,2.399406E+01,5.096605E+01
18:20:00,5.301968E+03,1.224853E+04,1.793666E-01,1.073051E+00,0.000000E+00,0.000000E+00,0.000000E+00,0.000000E+00,0.000000E+00,0.000000E+00,0.000000E+00,0.000000E+00,2.101211E+01,9.627082E+01,2.399408E+01,5.092230E+01
18:30:00,5.286325E+03,1.228705E+04,1.788376E-01,1.076424E+00,0.000000E+00,0.000000E+00,0.000000E+00,0.000000E+00,0.000000E+00,0.000000E+00,0.000000E+00,0.000000E+00,2.101218E+01,9.654017E+01,2.399409E+01,5.088746E+01
18:40:00,5.279342E+03,1.231440E+04,1.786017E-01,1.078818E+00,0.000000E+00,0.000000E+00,0.000000E+00,0.000000E+00,0.000000E+00,0.000000E+00,0.000000E+00,0.000000E+00,2.101226E+01,9.677377E+01,2.399411E+01,5.086136E+01
18:50:00,5.280567E+03,1.233025E+04,1.786435E-01,1.080205E+00,0.000000E+00,0.000000E+00,0.000000E+00,0.000000E+00,0.000000E+00,0.000000E+00,0.000000E+00,0.000000E+00,2.101235E+01,9.697088E+01,2.399413E+01,5.084389E+01
19:00:00,5.289423E+03,1.233445E+04,1.789436E-01,1.080570E+00,0.000000E+00,0.000000E+00,0.000000E+00,0.000000E+00,0.000000E+00,0.000000E+00,0.000000E+00,0.000000E+00,2.101245E+01,9.713129E+01,2.399415E+01,5.083514E+01
19:10:00,5.305350E+03,1.232679E+04,1.794829E-01,1.079898E+00,0.000000E+00,0.000000E+00,0.000000E+00,0.000000E+00,0.000000E+00,0.000000E+00,0.000000E+00,0.000000E+00,2.101255E+01,9.725528E+01,2.399417E+01,5.083517E+01
19:20:00,5.327618E+03,1.230711E+04,1.802368E-01,1.078172E+00,0.000000E+00,0.000000E+00,0.000000E+00,0.000000E+00,0.000000E+00,0.000000E+00,0.000000E+00,0.000000E+00,2.101265E+01,9.732673E+01,2.399418E+01,5.084402E+01
19:30:00,5.355510E+03,1.227523E+04,1.811811E-01,1.075377E+00,0.000000E+00,0.000000E+00,0.000000E+00,0.000000E+00,0.000000E+00,0.000000E+00,0.000000E+00,0.000000E+00,2.101276E+01,9.732673E+01,2.399420E+01,5.086178E+01
19:40:00,5.388351E+03,1.223109E+04,1.822927E-01,1.071508E+00,0.000000E+00,0.000000E+00,0.000000E+00,0.000000E+00,0.000000E+00,0.000000E+00,0.000000E+00,0.000000E+00,2.101285E+01,9.731983E+01,2.399422E+01,5.088855E+01
19:50:00,5.425458E+03,1.217479E+04,1.835487E-01,1.066575E+00,0.000000E+00,0.000000E+00,0.000000E+00,0.000000E+00,0.000000E+00,0.000000E+00,0.000000E+00,0.000000E+00,2.101295E+01,9.730612E+01,2.399423E+01,5.092446E+01
20:00:00,5.466174E+03,1.210640E+04,1.849268E-01,1.060582E+00,0.000000E+00,0.000000E+00,0.000000E+00,0.000000E+00,0.000000E+00,0.000000E+00,0.000000E+00,0.000000E+00,2.101306E+01,9.727405E+01,2.399425E+01,5.096962E+01
20:10:00,5.509712E+03,1.202609E+04,1.864005E-01,1.053545E+00,0.000000E+00,0.000000E+00,0.000000E+00,0.000000E+00,0.000000E+00,0.000000E+00,0.000000E+00,0.000000E+00,2.101317E+01,9.721685E+01,2.399427E+01,5.102413E+01
20:20:00,5.555361E+03,1.193414E+04,1.879455E-01,1.045488E+00,0.000000E+00,0.000000E+00,0.000000E+00,0.000000E+00,0.000000E+00,0.000000E+00,0.000000E+00,0.000000E+00,2.101329E+01,9.713357E+01,2.399428E+01,5.108809E+01
20:30:00,5.603230E+03,1.183089E+04,1.895657E-01,1.036441E+00,0.000000E+00,0.000000E+00,0.000000E+00,0.000000E+00,0.000000E+00,0.000000E+00,0.000000E+00,0.000000E+00,2.101341E+01,9.702708E+01,2.399430E+01,5.116160E+01
20:40:00,5.653064E+03,1.171665E+04,1.912523E-01,1.026432E+00,0.000000E+00,0.000000E+00,0.000000E+00,0.000000E+00,0.000000E+00,0.000000E+00,0.000000E+00,0.000000E+00,2.101346E+01,9.689983E+01,2.399432E+01,5.124472E+01
20:50:00,5.704576E+03,1.159204E+04,1.929957E-01,1.015514E+00,0.000000E+00,0.000000E+00,0.000000E+00,0.000000E+00,0.000000E+00,0.000000E+00,0.000000E+00,0.000000E+00,2.101353E+01,9.675317E+01,2.399433E+01,5.133764E+01
21:00:00,5.757559E+03,1.145774E+04,1.947888E-01,1.003747E+00,0.000000E+00,0.000000E+00,0.000000E+00,0.000000E+00,0.000000E+00,0.000000E+00,0.000000E+00,0.000000E+00,2.101361E+01,9.658914E+01,2.399435E+01,5.144035E+01
21:10:00,5.811870E+03,1.131446E+04,1.966268E-01,9.911938E-01,0.000000E+00,0.000000E+00,0.000000E+00,0.000000E+00,0.000000E+00,0.000000E+00,0.000000E+00,0.000000E+00,2.101368E+01,9.640978E+01,2.399436E+01,5.155275E+01
21:20:00,5.867495E+03,1.116301E+04,1.985092E-01,9.779245E-01,0.000000E+00,0.000000E+00,0.000000E+00,0.000000E+00,0.000000E+00,0.000000E+00,0.000000E+00,0.000000E+00,2.101375E+01,9.621716E+01,2.399438E+01,5.167470E+01
21:30:00,5.923639E+03,1.100422E+04,2.004092E-01,9.640132E-01,0.000000E+00,0.000000E+00,0.000000E+00,0.000000E+00,0.000000E+00,0.000000E+00,0.000000E+00,0.000000E+00,2.101382E+01,9.601380E+01,2.399439E+01,5.180612E+01
21:40:00,5.979912E+03,1.083913E+04,2.023135E-01,9.495489E-01,0.000000E+00,0.000000E+00,0.000000E+00,0.000000E+00,0.000000E+00,0.000000E+00,0.000000E+00,0.000000E+00,2.101388E+01,9.580197E+01,2.399440E+01,5.194687E+01
21:50:00,6.036044E+03,1.066851E+04,2.042130E-01,9.346012E-01,0.000000E+00,0.000000E+00,0.000000E+00,0.000000E+00,0.000000E+00,0.000000E+00,0.000000E+00,0.000000E+00,2.101394E+01,9.558367E+01,2.399441E+01,5.209682E+01
22:00:00,6.091750E+03,1.049319E+04,2.060982E-01,9.192412E-01,0.000000E+00,0.000000E+00,0.000000E+00,0.000000E+00,0.000000E+00,0.000000E+00,0.000000E+00,0.000000E+00,2.101400E+01,9.536068E+01,2.399443E+01,5.225584E+01
22:10:00,6.146799E+03,1.031397E+04,2.079610E-01,9.035400E-01,0.000000E+00,0.000000E+00,0.000000E+00,0.000000E+00,0.000000E+00,0.000000E+00,0.000000E+00,0.000000E+00,2.101405E+01,9.513464E+01,2.399444E+01,5.242378E+01
22:20:00,6.201006E+03,1.013162E+04,2.097954E-01,8.875648E-01,0.000000E+00,0.000000E+00,0.000000E+00,0.000000E+00,0.000000E+00,0.000000E+00,0.000000E+00,0.000000E+00,2.101410E+01,9.490711E+01,2.399445E+01,5.260052E+01
22:30:00,6.254216E+03,9.946869E+03,2.115960E-01,8.713789E-01,0.000000E+00,0.000000E+00,0.000000E+00,0.000000E+00,0.000000E+00,0.000000E+00,0.000000E+00,0.000000E+00,2.101414E+01,9.467862E+01,2.399446E+01,5.278592E+01
22:40:00,6.306311E+03,9.760385E+03,2.133589E-01,8.550415E-01,0.000000E+00,0.000000E+00,0.000000E+00,0.000000E+00,0.000000E+00,0.000000E+00,0.000000E+00,0.000000E+00,2.101419E+01,9.444992E+01,2.399447E+01,5.297985E+01
22:50:00,6.357199E+03,9.572796E+03,2.150809E-01,8.386073E-01,0.000000E+00,0.000000E+00,0.000000E+00,0.000000E+00,0.000000E+00,0.000000E+00,0.000000E+00,0.000000E+00,2.101422E+01,9.422204E+01,2.399447E+01,5.318220E+01
23:00:00,6.406812E+03,9.384674E+03,2.167598E-01,8.221265E-01,0.000000E+00,0.000000E+00,0.000000E+00,0.000000E+00,0.000000E+00,0.000000E+00,0.000000E+00,0.000000E+00,2.101426E+01,9.399600E+01,2.399448E+01,5.339284E+01
23:10:00,6.454955E+03,9.196539E+03,2.183889E-01,8.056447E-01,0.000000E+00,0.000000E+00,0.000000E+00,0.000000E+00,0.000000E+00,0.000000E+00,0.000000E+00,0.000000E+00,2.101429E+01,9.377278E+01,2.399449E+01,5.361167E+01
23:20:00,6.501652E+03,9.008859E+03,2.199691E-01,7.892028E-01,0.000000E+00,0.000000E+00,0.000000E+00,0.000000E+00,0.000000E+00,0.000000E+00,0.000000E+00,0.000000E+00,2.101432E+01,9.355347E+01,2.399450E+01,5.383861E+01
23:30:00,6.546907E+03,8.822046E+03,2.215004E-01,7.728368E-01,0.000000E+00,0.000000E+00,0.000000E+00,0.000000E+00,0.000000E+00,0.000000E+00,0.000000E+00,0.000000E+00,2.101435E+01,9.333916E+01,2.399451E+01,5.407356E+01
23:40:00,6.590675E+03,8.636458E+03,2.229815E-01,7.565782E-01,0.000000E+00,0.000000E+00,0.000000E+00,0.000000E+00,0.000000E+00,0.000000E+00,0.000000E+00,0.000000E+00,2.101438E+01,9.313052E+01,2.399451E+01,5.431647E+01
23:50:00,6.632913E+03,8.452403E+03,2.244108E-01,7.404540E-01,0.000000E+00,0.000000E+00,0.000000E+00,0.000000E+00,0.000000E+00,0.000000E+00,0.000000E+00,0.000000E+00,2.101441E+01,9.292799E+01,2.399452E+01,5.456729E+01
24:00:00,6.673584E+03,8.270138E+03,2.257870E-01,7.244866E-01,0.000000E+00,0.000000E+00,0.000000E+00,0.000000E+00,0.000000E+00,0.000000E+00,0.000000E+00,0.000000E+00,2.101443E+01,9.273189E+01,2.399453E+01,5.482600E+01
Peak,1.218226E+04,1.233445E+04,4.121761E-01,1.080570E+00,0.000000E+00,0.000000E+00,0.000000E+00,0.000000E+00,0.000000E+00,0.000000E+00,0.000000E+00,0.000000E+00,,,,

Peak Vol Flow (m3/s),,,3.505242E-01,9.189423E-01,,,0.000000E+00,0.000000E+00,,,,,,,,
