osm_id,n_warmup_severes_true,converged_true,n_warmup_severes_false,converged_false,eui_true,eui_false,pct_delta
way_1055839510,1,False,0,True,86.575,87.93055555555556,-1.541620597062074
way_1103897140,1,False,0,True,96.36666666666667,98.225,-1.8919148214134083
way_1112796933,1,False,0,True,92.45,94.11666666666666,-1.7708517797060286
way_1113052360,1,False,0,True,86.66111111111111,88.0138888888889,-1.5370048919046986
way_1113052363,1,False,0,True,116.76666666666667,119.225,-2.0619277276857444
way_1113052364,0,True,0,True,99.04166666666667,101.01944444444445,-1.9578189017515846
way_1131271326,1,False,0,True,85.8,87.15833333333333,-1.5584663925805537
way_1184864928,0,True,0,True,106.42222222222222,108.66388888888889,-2.0629361691249843
way_1184864930,0,True,0,True,91.45833333333333,93.07777777777777,-1.7398830130118135
way_1232540296,1,False,0,True,94.43333333333332,96.22222222222221,-1.859122401847578
way_1232540297,0,True,0,True,99.8861111111111,101.90833333333333,-1.9843541308910548
way_1279436022,0,True,1,False,127.2611111111111,130.0,-2.106837606837611
way_1279684261,2,False,0,True,88.06388888888888,89.525,-1.6320704955164733
way_1279684262,0,True,0,True,105.3111111111111,107.51666666666667,-2.0513615460135446
way_1279684265,2,False,3,False,87.01944444444443,88.43333333333334,-1.5988189471039262
way_1279684266,1,False,0,True,88.47222222222221,89.94722222222222,-1.6398505296315833
way_1386674588,0,True,0,True,93.82777777777777,95.575,-1.8281163716685682
way_1386674589,0,True,0,True,91.35833333333333,92.975,-1.7388186788563162
way_1386674590,0,True,0,True,94.65277777777777,96.44722222222221,-1.860545491201283
way_1386674591,0,True,0,True,75.53888888888889,76.425,-1.1594518954675903
way_1386674592,1,False,0,True,97.04722222222222,98.94722222222221,-1.9202156031554336
way_1386674593,2,False,4,False,86.75277777777778,88.16944444444445,-1.6067546706152978
way_1386674594,2,False,0,True,80.81944444444444,81.97222222222223,-1.406302948153178
way_270445754,3,False,0,True,74.98333333333333,75.83055555555556,-1.117257042382513
way_270445755,4,False,0,True,73.275,74.0111111111111,-0.9945954060951661
way_270445756,0,True,0,True,93.28055555555555,95.00277777777778,-1.812812490862847
way_270445757,1,False,0,True,85.14722222222221,86.475,-1.5354469821078727
way_270445759,5,False,0,True,84.08888888888889,85.35833333333333,-1.4871945068176657
way_304840787,1,False,0,True,73.70833333333334,74.46388888888889,-1.0146603499085927
way_304842005,1,False,0,True,92.18611111111112,93.84444444444443,-1.7671086905043636
way_304843764,1,False,0,True,81.91388888888888,83.10000000000001,-1.427329856932769
way_304844050,1,False,0,True,81.825,83.0111111111111,-1.4288582519073654
way_304844576,3,False,0,True,76.08333333333333,77.0,-1.1904761904761967
way_304845359,1,False,0,True,80.05555555555556,81.15277777777777,-1.3520451822693724
way_304846569,1,False,0,True,88.21944444444443,89.68055555555556,-1.6292395849465826
way_304846947,1,False,3,False,77.81388888888888,78.81944444444444,-1.275770925110138
way_304847115,2,False,0,True,83.61944444444444,84.88055555555555,-1.4857479464607066
way_304847237,0,True,0,True,90.45833333333333,92.03055555555555,-1.7083698047146183
way_334332029,0,True,0,True,89.50555555555556,91.04166666666667,-1.687261632341724
way_384757942,0,True,0,True,90.475,92.04444444444445,-1.7050941574118919
way_385036709,1,False,0,True,81.91944444444445,83.10833333333333,-1.4305290952237637
way_772626975,1,False,0,True,86.44722222222221,87.78888888888889,-1.5282875585369124
way_772626976,2,False,0,True,83.075,84.30833333333332,-1.4628842542255454
way_772626977,1,False,0,True,82.41944444444444,83.61111111111111,-1.4252491694352283
way_772626978,0,True,0,True,91.67777777777778,93.29444444444445,-1.732864884177939
way_772626980,0,True,0,True,89.16111111111111,90.67777777777778,-1.6725891434873168
way_772626981,1,False,0,True,88.90833333333333,90.41388888888889,-1.6651817260130926
way_772626982,1,False,0,True,88.24722222222222,89.70833333333333,-1.6287350983124296
way_772626983,0,True,0,True,91.46944444444445,93.08888888888889,-1.7396753401766485
way_772626986,1,False,0,True,107.375,109.63333333333333,-2.0598966251140096
way_772626987,2,False,0,True,90.61944444444445,92.2,-1.7142684984333498
way_772626989,2,False,0,True,95.15,96.96944444444443,-1.8763069695493837
way_772626992,4,False,0,True,83.46388888888889,84.71666666666667,-1.4787854941307652
way_772626993,1,False,0,True,103.31944444444444,105.46666666666667,-2.0359249894648155
way_772626994,5,False,0,True,83.81944444444444,85.08055555555556,-1.4822553788892983
way_772626995,2,False,0,True,92.57222222222222,94.24166666666666,-1.771450467179525
way_772626996,2,False,0,True,87.78333333333333,89.24722222222222,-1.640262691026798
way_772626997,1,False,0,True,88.81111111111112,90.31388888888888,-1.6639498046934942
way_772626999,2,False,0,True,84.12222222222222,85.39166666666667,-1.4866139683159314
way_772627000,2,False,3,False,87.04444444444445,88.45833333333333,-1.5983670905950567
way_772627001,2,False,0,True,77.60833333333333,78.61111111111111,-1.2756183745583067
way_772627004,4,False,0,True,80.60833333333333,81.74722222222222,-1.3931835944136697
way_772627005,2,False,0,True,95.10833333333333,96.925,-1.8743014358180685
way_772627006,0,True,0,True,90.79166666666667,92.38333333333333,-1.7228937398520525
way_772627008,2,False,0,True,110.98055555555554,113.32222222222221,-2.066379056770274
way_772627009,1,False,0,True,97.93333333333334,99.86666666666666,-1.935914552736972
way_772627010,2,False,0,True,108.10277777777777,110.38333333333333,-2.0660325129598833
way_772627011,1,False,4,False,86.55277777777776,87.96944444444445,-1.610407654172872
way_772627012,0,True,0,True,105.68611111111112,107.90833333333333,-2.0593610832239224
way_772627013,2,False,0,True,92.975,94.66944444444444,-1.789853584108446
way_772627015,1,False,0,True,92.22777777777777,93.8861111111111,-1.7663244474688582
way_772627016,2,False,0,True,108.23333333333332,110.51944444444445,-2.0685148415311665
way_772627017,0,True,0,True,91.2,92.80555555555556,-1.7300209518108338
way_772627018,1,False,0,True,102.95555555555555,105.08611111111111,-2.0274378155481
way_772627020,2,False,0,True,83.60277777777779,84.86388888888888,-1.4860397368334686
way_772627021,0,True,0,True,76.66944444444444,77.62777777777777,-1.234523724325479
way_772627022,2,False,3,False,87.05,88.46388888888889,-1.5982667127201964
way_772627024,0,True,0,True,90.74166666666667,92.325,-1.714956223485869
way_772627026,0,True,0,True,115.79444444444445,118.21666666666665,-2.048968466563262
way_772627027,1,False,0,True,94.44999999999999,96.23888888888888,-1.8588004387230876
way_772627028,0,True,0,True,96.18888888888888,98.03888888888889,-1.8870062900209754
way_772627029,1,False,0,True,94.19722222222222,95.96111111111111,-1.838128871649392
way_772627030,0,True,0,True,95.71111111111111,97.54444444444445,-1.8794851349812145
way_772627031,0,True,0,True,93.81666666666666,95.56388888888888,-1.8283289248030674
way_772627032,0,True,0,True,106.73888888888888,108.9888888888889,-2.064430624936296
way_772627033,0,True,0,True,99.74166666666666,101.75555555555555,-1.9791439178859984
way_772627034,1,False,0,True,85.13333333333334,86.45833333333333,-1.5325301204819146
way_772627035,0,True,0,True,97.1611111111111,99.05833333333334,-1.9152575642859322
way_772627036,1,False,0,True,82.23055555555554,83.42222222222222,-1.4284762919552603
way_772627037,0,True,0,True,93.625,95.36666666666666,-1.8262845159035233
way_772627038,0,True,0,True,97.38888888888889,99.3,-1.924583193465369
way_772627039,0,True,0,True,98.16944444444445,100.10555555555555,-1.9340695932071619
way_772627040,2,False,0,True,95.53055555555557,97.35277777777779,-1.8717721916283852
way_772627041,0,True,0,True,99.28611111111111,101.28055555555555,-1.9692273936534883
way_772627042,0,True,0,True,99.14722222222223,101.13888888888889,-1.9692392199945004
way_772627043,1,False,0,True,78.02777777777777,79.05,-1.2931337409515822
way_772627044,1,False,0,True,97.40555555555557,99.31388888888888,-1.9215170754901527
way_772627046,1,False,0,True,133.825,136.6222222222222,-2.047413793103445
way_772627047,0,True,0,True,91.14166666666667,92.75277777777778,-1.7369949986523348
way_772627048,0,True,0,True,96.43055555555554,98.29722222222222,-1.8990024585299765
way_772627049,0,True,0,True,143.80833333333334,146.83333333333334,-2.060158910329175
way_772627050,0,True,0,True,109.01388888888889,111.31111111111112,-2.063785186664013
way_772627051,1,False,0,True,107.325,109.58055555555555,-2.058353823924552
way_772627052,0,True,0,True,108.82777777777777,111.11388888888888,-2.057448563785906
way_772627053,0,True,0,True,98.44166666666666,100.37777777777778,-1.92882444100067
way_772627054,1,False,0,True,88.72777777777777,90.22777777777777,-1.6624592081768363
way_772627056,2,False,0,True,83.47777777777777,84.73333333333333,-1.4817728822449567
way_772627057,0,True,0,True,95.675,97.50277777777777,-1.8745904675080391
way_772627058,2,False,0,True,129.46944444444443,132.1888888888889,-2.0572413213415284
way_772627059,2,False,0,True,111.10833333333333,113.45277777777778,-2.0664495752026086
way_772627060,0,True,0,True,109.03055555555555,111.32777777777777,-2.0634762213683273
way_772627061,1,False,0,True,107.22222222222221,109.475,-2.0578011215143
way_772627062,0,True,0,True,91.62777777777778,93.25277777777777,-1.7425754371332252
way_772627063,0,True,0,True,96.075,97.93055555555556,-1.894766699758898
way_772627064,2,False,0,True,108.21944444444443,110.50277777777778,-2.066313064025551
way_772627065,2,False,0,True,78.175,79.18055555555556,-1.2699526398877445
way_772627066,1,False,0,True,94.34444444444443,96.12777777777778,-1.855169623764678
way_772627067,2,False,0,True,87.94166666666666,89.40833333333333,-1.6404138316711738
way_772627068,0,True,0,True,94.11944444444444,95.86944444444444,-1.8253991249674035
way_772627069,5,False,0,True,83.94444444444444,85.21111111111111,-1.486504107445559
way_772627071,1,False,0,True,89.64722222222223,91.1861111111111,-1.6876351783592647
way_772627072,1,False,0,True,80.625,81.7638888888889,-1.3928996093086594
way_772627073,0,True,0,True,91.52777777777777,93.14722222222221,-1.7385858706348924
way_772627074,0,True,0,True,91.17777777777778,92.78333333333333,-1.7304353032752517
way_772627075,0,True,0,True,89.075,90.58611111111111,-1.6681487841525806
way_772627076,0,True,0,True,153.61111111111111,156.94444444444443,-2.1238938053097227
way_772627077,2,False,0,True,95.30277777777776,97.13055555555556,-1.881774244287491
way_772627078,1,False,4,False,86.68333333333334,88.09444444444443,-1.6018162325786562
way_772627079,1,False,0,True,97.85833333333333,99.78888888888889,-1.9346397951230392
way_772627081,5,False,0,True,87.20277777777778,88.68888888888888,-1.6756452017038213
way_772627082,2,False,0,True,90.63611111111112,92.21944444444445,-1.7169191843127751
way_772627083,2,False,0,True,92.49166666666667,94.15833333333335,-1.7700681476236884
way_772627084,5,False,0,True,80.38333333333333,81.49999999999999,-1.3701431492842455
way_772627085,0,True,0,True,89.93055555555556,91.48055555555555,-1.6943491330883884
way_772627086,1,False,0,True,80.49444444444444,81.625,-1.3850604049685267
way_772627087,1,False,0,True,81.54722222222222,82.71666666666665,-1.4137954194371598
way_772627088,1,False,0,True,88.67777777777778,90.17222222222222,-1.6573224077382736
way_772627089,4,False,0,True,80.58333333333334,81.72222222222221,-1.3936097892589863
way_772627090,1,False,0,True,88.575,90.06111111111112,-1.65011412004195
way_864013124,0,True,0,True,89.97222222222221,91.525,-1.696561352393107
way_864013126,0,True,0,True,102.40555555555557,104.50833333333334,-2.012067086622541
way_864144721,0,True,0,True,140.93333333333334,143.89166666666665,-2.0559448659292165
way_899599347,4,False,0,True,74.19722222222222,74.98333333333333,-1.0483811217307555
way_899656618,1,False,0,True,80.81944444444444,81.97222222222223,-1.406302948153178
way_900487237,2,False,0,True,95.08611111111111,96.89999999999999,-1.8719183579864636
way_900488595,1,False,0,True,102.84722222222221,104.97222222222221,-2.0243450648319663
way_933154994,3,False,0,True,76.88611111111112,77.85833333333333,-1.2487066966356173
way_964817673,1,False,0,True,84.76666666666667,86.08888888888889,-1.5358802271553957
way_965213412,1,False,0,True,80.69722222222222,81.84166666666667,-1.398364049825206
way_965390712,0,True,0,True,137.2111111111111,140.10833333333332,-2.0678443268105955
