id,defining_citation,head_signature_source,buildings,pct_of_8160,severity,verdict,overlaps,recommendation
E-LA-21 (control),docs/docs_DONE/SETUP/layoutAssigner/DONE/structural-fixes/PLAN_structural-fixes_implementation.md:279 (naming) / t20_harvest_layout_assign.py:259 (defect),"scripts/cluster/{t07_harvest_results.py:199,t07b_run_auto_refit_local.py:330,t08_harvest_results.py:246,t08_local_remainder.py:431,t17_harvest_layout_assign.py:255,t18_harvest_layout_assign.py:252,t19_harvest_layout_assign.py:260,t20_harvest_layout_assign.py:260} re-grepped 2026-08-19",0,0.00%,n/a,CLOSED-ELSEWHERE (control, PASSES),OPEN-05/OPEN-29 (this item),"No action -- control confirms harness trustworthy for the other eight."
E-LA-06,docs/docs_DONE/SETUP/layoutAssigner/DONE/DONE-implementation_plan.md:616,openubem/outputs/comparisons/open09_fleet_err_taxonomy.csv (re-run live 2026-08-19; byte-identical to committed file),32,0.39%,Warning,STILL-OPEN,OPEN-18 (same function -- scale_baseline_idf/fixed-capacity aux equipment),"Do not adopt as a new item -- already reachable from OPEN-18. Recommend director fold the flow-balance-half citation into OPEN-18's own evidence rather than leaving it only inside OPEN-29."
E-LA-15,docs/docs_DONE/SETUP/layoutAssigner/DONE/structural-fixes/PLAN_structural-fixes_implementation.md:270,openubem/outputs/comparisons/open09_fleet_err_taxonomy.csv (re-run live 2026-08-19) -- no SizeAirLoopBranches minimum-air-flow family present,0,0.00%,n/a,NO SIGNATURE IN TESTED CORPUS -- NOT ADJUDICATED (corpus is auto mode; defect was raised under layout_assign, which run 2 does not exercise),OPEN-18's population (per X07),"Narrowest test: rebuild the single named building way/965718401 locally in layout_assign mode (energyplus -x) and grep its eplusout.err for the exact SizeAirLoopBranches minimum-air-flow Fatal text. Do not retire on an auto-mode absence alone."
E-LA-16,docs/docs_DONE/SETUP/layoutAssigner/DONE/structural-fixes/PLAN_structural-fixes_implementation.md:279,openubem/outputs/comparisons/open09_fleet_err_taxonomy.csv (re-run live 2026-08-19) -- 3 families all 'In calculating the design coil UA for Coil:Cooling:Water ...' each n_buildings=1; 0 occurrences of the cooling-tower-UA-autosize half,1,0.01%,Warning only -- no Severe/no Fatal,STILL-OPEN (down to one building and no severity),OPEN-51 (naming, retired -- did not touch the defect itself),"Do not adopt as a new item. Immaterial-at-fleet-scale is a plausible closure ground (1/8160, Warning only) but that is a director call, not an executor one."
E-LA-17,docs/docs_DONE/SETUP/layoutAssigner/DONE/structural-fixes/PLAN_structural-fixes_implementation.md:290,openubem/outputs/comparisons/open09_fleet_err_taxonomy.csv (re-run live 2026-08-19) -- 'Inside surface heat balance did not converge'/'...convergence problem continues' families, both n_buildings=16,16,0.20%,Warning (feeds OPEN-09's Severe/Fatal population downstream),STILL-OPEN mechanism, but NOT A SEPARATE DEFECT -- exact population match to OPEN-09,OPEN-09 (identical 16-building population, confirmed exact match, not merely similar),"Do not adopt. Recommend striking E-LA-17 from OPEN-29's inherited-defect list -- it is OPEN-09's population under a different name and double-counts if tracked twice. This is a merge-on-evidence, not a fix."
E-LA-18,docs/docs_DONE/SETUP/layoutAssigner/DONE/structural-fixes/PLAN_structural-fixes_implementation.md:338,openubem/outputs/comparisons/open09_fleet_err_taxonomy.csv (re-run live 2026-08-19) -- 0 occurrences of 'CheckWarmupConvergence' anywhere in the corpus,0,0.00%,n/a,NO SIGNATURE IN TESTED CORPUS -- NOT ADJUDICATED (auto mode; defect raised under layout_assign),OPEN-09,"Narrowest test: rebuild way/86121620 and way/42496352 locally in layout_assign mode and grep for CheckWarmupConvergence Severe on CORE_TOP/CORE_MID. Do not retire on an auto-mode absence alone."
E-LA-19,docs/docs_DONE/SETUP/layoutAssigner/DONE/structural-fixes/PLAN_structural-fixes_implementation.md:488,openubem/outputs/comparisons/open09_fleet_err_perbuilding.csv (re-run live 2026-08-19) -- way/241836727 present in run-2 auto corpus, 0 CheckWarmupConvergence warnings/severes,0,0.00%,n/a,NO SIGNATURE IN TESTED CORPUS -- NOT ADJUDICATED (building succeeds cleanly in auto mode; defect was raised under layout_assign on this same building, a different code path),OPEN-09,"Narrowest test: rebuild way/241836727 locally in layout_assign mode specifically (same building, different mode) and grep for the same CORE_TOP/CORE_MID signature. Auto-mode success on this building does not test the layout_assign code path the defect names."
E-LA-30,docs/docs_DONE/SETUP/layoutAssigner/debug/storey-Matching/DONE_PLAN_storey-matching_implementation.md:3493,"scripts/analysis/a4_bis_generate_layout_assign_viewer.py:17-42 (fast_scale_idf_text, unchanged since 69373f9 2026-07-27) vs C:\Users\o_iseri\Desktop\idf_reader\Content\00.BaselineBuildings_NUs_v231\ASHRAE901_OfficeSmall_STD2022_Buffalo.idf:2058-2060 (openubem/config.py:49-52 BASELINE_IDF_DIR -- the true input population, verified live 2026-08-19)",n/a (not an EnergyPlus .err defect),n/a,n/a,STILL-OPEN -- CONFIRMED REPRODUCING at HEAD by direct code/format read against the true baseline source (correction to X07's framing below),3D-viz arc (closed),"Do not adopt as a new item. The register's own framing ('no signature anywhere') is imprecise for this one -- it has a signature, just not one an .err sweep can see. See write-up for the mechanism proof. Director should decide whether the two still-live caller scripts (b05f_rebuild_layout_assign_viewers.py, b08b_rebuild_layout_assign_viewers.py) need a deprecation note, since they are debug/one-off tooling, not the production package."
E-LA-33,docs/docs_DONE/SETUP/layoutAssigner/debug/storey-Matching/DONE_PLAN_storey-matching_implementation.md:3353,openubem/outputs/comparisons/open10_storey_expressibility_fleet.csv (re-run live 2026-08-19 via scripts/analysis/open35_open10_consequence_census.py; byte-identical to committed file) -- applied 497/7442 = 6.68%; inert 93.32%,6945,85.09% (of 8160; 93.32% of the 7442-row expressibility population),n/a (geometry/viewer defect, not an .err defect),STILL-OPEN -- CONFIRMED REPRODUCING at HEAD (93.32% inert, inside its own stated 82-98% band),OPEN-10 (fully explained; already carries the exact denominator),Do not adopt as a new item -- already fully tracked and quantified under OPEN-10.
