cell,stem,status,n_zone_volume_stubs,n_negative_volume,min_calculated_volume,temp_out_of_bounds,failed,has_stub,has_negative
la_rural,way_222366800,success,1,1,-174.94,False,False,True,True
la_rural,way_472960895,success,2,2,-120.68,False,False,True,True
la_rural,way_472960930,success,1,1,-35.53,False,False,True,True
la_rural,way_472960931,success,2,2,-35.01,False,False,True,True
la_rural,way_472960932,success,2,2,-39.92,False,False,True,True
la_rural,way_472960933,success,2,2,-552.12,False,False,True,True
la_rural,way_472960934,success,2,2,-101.77,False,False,True,True
la_rural,way_472960935,success,2,2,-998.09,False,False,True,True
la_rural,way_472960936,success,12,12,-464.94,False,False,True,True
la_rural,way_472960937,success,8,8,-468.58,False,False,True,True
la_rural,way_472960938,success,8,8,-472.51,False,False,True,True
la_rural,way_472960939,success,8,8,-562.37,False,False,True,True
la_rural,way_472960940,success,8,8,-471.66,False,False,True,True
la_rural,way_472960941,success,8,8,-437.77,False,False,True,True
la_rural,way_472960942,success,8,8,-562.27,False,False,True,True
la_rural,way_472960943,success,8,8,-446.54,False,False,True,True
la_rural,way_472960944,success,8,8,-561.04,False,False,True,True
la_rural,way_472960965,success,2,2,-552.52,False,False,True,True
la_rural,way_472960967,success,2,2,-258.11,False,False,True,True
la_rural,way_472960970,success,1,1,-34.3,False,False,True,True
la_rural,way_472960971,success,2,2,-264.76,False,False,True,True
la_rural,way_472960972,not_simulated,3,3,-3987.17,True,True,True,True
la_rural,way_472960974,success,1,1,-36.77,False,False,True,True
la_rural,way_472960975,success,1,1,-152.86,False,False,True,True
la_rural,way_472960977,success,1,1,-72.37,False,False,True,True
la_rural,way_472960978,success,2,2,-44.5,False,False,True,True
la_rural,way_472960980,success,2,2,-495.62,False,False,True,True
la_rural,way_472960999,success,2,2,-61.01,False,False,True,True
la_rural,way_472961000,success,2,2,-106.62,False,False,True,True
la_rural,way_472961001,success,2,2,-106.23,False,False,True,True
la_rural,way_472961002,success,1,1,-318.41,False,False,True,True
la_rural,way_472961003,success,1,1,-62.64,False,False,True,True
la_rural,way_472961004,success,12,12,-107.22,False,False,True,True
la_rural,way_472961005,success,1,1,-78.17,False,False,True,True
la_rural,way_472961006,success,1,1,-33.03,False,False,True,True
la_rural,way_472961007,success,3,3,-1093.75,False,False,True,True
la_rural,way_472961009,success,1,1,-35.58,False,False,True,True
la_rural,way_472961011,success,4,4,-56.86,False,False,True,True
la_rural,way_472961013,success,2,2,-43.21,False,False,True,True
la_rural,way_472961015,success,1,1,-108.71,False,False,True,True
la_rural,way_472961017,success,2,2,-410.18,False,False,True,True
la_rural,way_472961018,success,2,2,-44.75,False,False,True,True
la_rural,way_472961019,success,1,1,-33.74,False,False,True,True
la_rural,way_472961020,success,1,1,-33.69,False,False,True,True
la_rural,way_472961022,success,2,2,-88.08,False,False,True,True
la_rural,way_472961024,success,4,4,-1053.3,False,False,True,True
la_rural,way_472961025,success,2,2,-75.91,False,False,True,True
la_rural,way_472961026,success,16,16,-139.27,False,False,True,True
la_rural,way_472961028,success,1,1,-87.82,False,False,True,True
la_rural,way_472961029,success,1,1,-75.49,False,False,True,True
la_rural,way_472961031,success,1,1,-122.31,False,False,True,True
la_rural,way_472961034,not_simulated,3,3,-1631.58,True,True,True,True
la_rural,way_472961040,success,2,2,-228.26,False,False,True,True
la_rural,way_472961041,success,1,1,-129.3,False,False,True,True
la_rural,way_472961043,success,10,10,-177.22,False,False,True,True
la_rural,way_472961045,success,2,2,-229.68,False,False,True,True
la_rural,way_472961047,success,2,2,-884.73,False,False,True,True
la_rural,way_472961048,success,16,16,-139.75,False,False,True,True
la_rural,way_472961050,success,2,2,-229.39,False,False,True,True
la_rural,way_472961052,success,2,2,-322.81,False,False,True,True
la_rural,way_472961054,success,1,1,-122.71,False,False,True,True
la_rural,way_472961072,success,2,2,-229.56,False,False,True,True
la_rural,way_472961073,success,2,2,-118.42,False,False,True,True
la_rural,way_472961074,success,1,1,-120.71,False,False,True,True
la_rural,way_472961075,success,1,1,-121.23,False,False,True,True
la_rural,way_472961076,success,2,2,-121.71,False,False,True,True
la_rural,way_472961077,success,1,1,-118.52,False,False,True,True
la_rural,way_472961078,success,1,1,-120.57,False,False,True,True
la_rural,way_472961079,success,1,1,-120.88,False,False,True,True
la_rural,way_472961080,success,1,1,-119.41,False,False,True,True
la_rural,way_472961081,success,1,1,-77.34,False,False,True,True
la_rural,way_472961082,success,1,1,-119.96,False,False,True,True
la_rural,way_472961083,success,1,1,-76.07,False,False,True,True
la_rural,way_472961084,success,1,1,-89.18,False,False,True,True
la_rural,way_472961085,success,1,1,-117.57,False,False,True,True
la_rural,way_472961086,success,1,1,-116.26,False,False,True,True
la_rural,way_472961087,success,1,1,-88.55,False,False,True,True
la_rural,way_472961088,not_simulated,3,3,-1815.19,True,True,True,True
la_rural,way_472961089,success,16,16,-145.49,False,False,True,True
la_rural,way_472961090,success,16,16,-144.03,False,False,True,True
la_rural,way_472961091,not_simulated,3,3,-1581.1,True,True,True,True
la_rural,way_472961092,success,2,2,-714.48,False,False,True,True
la_rural,way_472961093,success,16,16,-177.36,False,False,True,True
la_rural,way_472961094,success,2,2,-324.5,False,False,True,True
la_rural,way_472961095,success,1,1,-86.65,False,False,True,True
la_rural,way_472961096,success,2,2,-161.44,False,False,True,True
la_rural,way_472961097,success,2,2,-124.49,False,False,True,True
la_rural,way_472961098,success,2,2,-155.36,False,False,True,True
la_rural,way_472961099,success,2,2,-210.38,False,False,True,True
la_rural,way_472961100,success,3,3,-1375.69,False,False,True,True
la_rural,way_472961115,success,5,5,-267.99,False,False,True,True
la_rural,way_472961117,success,1,1,-55.48,False,False,True,True
la_rural,way_472961120,success,20,20,-153.7,False,False,True,True
la_rural,way_472961122,success,3,3,-1072.55,False,False,True,True
la_rural,way_472961125,success,2,2,-539.61,False,False,True,True
la_rural,way_472961128,success,2,2,-142.93,False,False,True,True
la_rural,way_472961131,success,2,2,-339.73,False,False,True,True
la_rural,way_472961133,success,2,2,-696.43,False,False,True,True
la_rural,way_472961135,success,2,2,-90.59,False,False,True,True
la_rural,way_472961137,success,2,2,-258.94,False,False,True,True
la_rural,way_472961140,success,8,8,-345.99,False,False,True,True
la_rural,way_472961148,success,8,8,-347.57,False,False,True,True
la_rural,way_472961150,success,2,2,-162.85,False,False,True,True
la_rural,way_472961152,success,1,1,-86.35,False,False,True,True
la_rural,way_472961155,success,1,1,-86.71,False,False,True,True
la_rural,way_472961157,success,1,1,-75.55,False,False,True,True
la_rural,way_472961159,success,1,1,-86.1,False,False,True,True
la_rural,way_472961162,success,2,2,-148.53,False,False,True,True
la_rural,way_472961164,success,24,24,-172.09,False,False,True,True
la_rural,way_472961166,success,2,2,-430.64,False,False,True,True
la_rural,way_472961169,success,2,2,-159.23,False,False,True,True
la_rural,way_472961171,not_simulated,3,3,-26184.27,True,True,True,True
la_rural,way_472961191,success,2,2,-253.11,False,False,True,True
la_rural,way_472961193,success,2,2,-74.01,False,False,True,True
la_rural,way_472961200,success,2,2,-106.26,False,False,True,True
la_rural,way_472961202,success,1,1,-40.01,False,False,True,True
la_rural,way_472961204,success,1,1,-63.17,False,False,True,True
la_rural,way_472961207,success,2,2,-104.98,False,False,True,True
la_rural,way_472961208,success,2,2,-66.8,False,False,True,True
la_rural,way_472961212,success,1,1,-173.99,False,False,True,True
la_rural,way_472961216,success,2,2,-538.06,False,False,True,True
la_rural,way_472961221,success,1,1,-53.19,False,False,True,True
la_rural,way_472961226,success,2,2,-191.47,False,False,True,True
la_rural,way_472961229,success,1,1,-63.51,False,False,True,True
la_rural,way_472961234,success,1,1,-64.04,False,False,True,True
la_rural,way_472961236,success,1,1,-52.75,False,False,True,True
la_rural,way_472961237,success,1,1,-149.95,False,False,True,True
la_rural,way_472961240,success,1,1,-108.71,False,False,True,True
la_rural,way_472961241,success,2,2,-264.81,False,False,True,True
la_rural,way_472961243,success,1,1,-204.32,False,False,True,True
la_rural,way_472961246,success,1,1,-55.23,False,False,True,True
la_rural,way_472961248,success,2,2,-344.32,False,False,True,True
la_rural,way_472961250,success,2,2,-224.59,False,False,True,True
la_rural,way_472961253,success,1,1,-80.93,False,False,True,True
la_rural,way_472961276,success,2,2,-245.94,False,False,True,True
la_rural,way_472961278,success,2,2,-56.58,False,False,True,True
la_rural,way_472961282,success,2,2,-176.59,False,False,True,True
la_rural,way_472961286,success,2,2,-105.31,False,False,True,True
la_rural,way_472961287,success,1,1,-61.7,False,False,True,True
la_rural,way_472961288,success,1,1,-170.55,False,False,True,True
la_rural,way_472961289,success,1,1,-63.71,False,False,True,True
la_rural,way_472961290,success,1,1,-185.1,False,False,True,True
la_rural,way_472961291,success,2,2,-122.22,False,False,True,True
la_rural,way_472961292,success,1,1,-64.04,False,False,True,True
la_rural,way_472961293,success,1,1,-63.3,False,False,True,True
la_rural,way_472961294,success,1,1,-64.83,False,False,True,True
la_rural,way_472961295,success,1,1,-62.32,False,False,True,True
la_rural,way_472961296,success,2,2,-104.15,False,False,True,True
la_rural,way_472961297,success,2,2,-109.94,False,False,True,True
la_urban,relation_6243355,success,5,5,-3048.74,False,False,True,True
la_urban,relation_6353541,success,7,7,-5286.82,False,False,True,True
la_urban,relation_6356829,success,1,1,-11106.13,False,False,True,True
la_urban,relation_6356830,success,14,14,-2499.43,False,False,True,True
la_urban,relation_6356862,success,3,3,-1155.17,False,False,True,True
la_urban,relation_6356884,success,8,8,-5189.08,False,False,True,True
la_urban,relation_6356886,success,13,13,-6734.61,False,False,True,True
la_urban,relation_6356887,success,3,3,-410.29,False,False,True,True
la_urban,relation_6374725,success,3,3,-1268.06,False,False,True,True
la_urban,relation_6378549,success,5,5,-1864.23,False,False,True,True
la_urban,relation_6378550,success,4,4,-1853.24,False,False,True,True
la_urban,relation_6378551,success,3,3,-1828.08,False,False,True,True
la_urban,relation_6378552,success,4,4,-2077.47,False,False,True,True
la_urban,relation_6378553,success,4,4,-954.78,False,False,True,True
la_urban,relation_6378554,success,3,3,-1103.97,False,False,True,True
la_urban,relation_6378555,success,3,3,-1813.43,False,False,True,True
la_urban,relation_6378556,success,3,3,-1884.32,False,False,True,True
la_urban,relation_6378557,success,3,3,-1846.74,False,False,True,True
la_urban,relation_6378558,success,7,7,-1871.51,False,False,True,True
la_urban,relation_6378559,success,5,5,-2735.79,False,False,True,True
la_urban,relation_6378579,success,4,4,-947.99,False,False,True,True
la_urban,relation_6378584,success,4,4,-1830.85,False,False,True,True
la_urban,relation_6378585,success,5,5,-3740.42,False,False,True,True
la_urban,relation_6387017,success,4,4,-2004.65,False,False,True,True
la_urban,relation_6387018,success,5,5,-2073.71,False,False,True,True
la_urban,relation_6387019,success,5,5,-902.03,False,False,True,True
la_urban,relation_6387020,success,6,6,-1629.82,False,False,True,True
la_urban,relation_6387359,success,6,6,-1756.84,False,False,True,True
la_urban,relation_6387360,success,1,1,-1293.5,False,False,True,True
la_urban,relation_6387362,success,3,3,-1030.41,False,False,True,True
la_urban,relation_6388321,success,2,2,-1039.3,False,False,True,True
la_urban,relation_6388322,success,5,5,-1018.43,False,False,True,True
la_urban,relation_6388323,success,3,3,-1051.78,False,False,True,True
la_urban,relation_6388324,success,4,4,-2744.96,False,False,True,True
la_urban,relation_6388325,success,6,6,-947.27,False,False,True,True
la_urban,relation_6388401,success,6,6,-1091.77,False,False,True,True
la_urban,relation_6388402,success,5,5,-1189.79,False,False,True,True
la_urban,relation_6388403,success,5,5,-1050.63,False,False,True,True
la_urban,relation_6388404,success,3,3,-934.71,False,False,True,True
la_urban,relation_6388405,success,5,5,-1013.02,False,False,True,True
la_urban,relation_6388422,success,3,3,-1139.01,False,False,True,True
la_urban,relation_6388423,success,5,5,-1267.19,False,False,True,True
la_urban,relation_6388424,success,6,6,-1047.3,False,False,True,True
la_urban,relation_6388425,success,5,5,-2320.07,False,False,True,True
la_urban,relation_6412968,success,1,1,-6245.87,False,False,True,True
la_urban,way_1176846930,success,1,1,-1896.55,False,False,True,True
la_urban,way_1253804860,success,1,1,-675.96,False,False,True,True
la_urban,way_1253804863,success,1,1,-1413.54,False,False,True,True
la_urban,way_1253804865,success,1,1,-3215.23,False,False,True,True
la_urban,way_1253804866,success,1,1,-440.33,False,False,True,True
la_urban,way_1253804867,success,1,1,-423.44,False,False,True,True
la_urban,way_1253806579,success,7,7,-9423.16,False,False,True,True
la_urban,way_1253806580,success,6,6,-3417.68,False,False,True,True
la_urban,way_1253806981,success,1,1,-1273.51,False,False,True,True
la_urban,way_1253806982,success,1,1,-1061.01,False,False,True,True
la_urban,way_1253806983,success,1,1,-131.33,False,False,True,True
la_urban,way_1253806986,success,1,1,-1976.48,False,False,True,True
la_urban,way_1395739331,success,22,22,-8324.48,False,False,True,True
la_urban,way_1416423922,success,7,7,-3598.7,False,False,True,True
la_urban,way_1416444072,success,1,1,-2384.45,False,False,True,True
la_urban,way_1416573423,success,7,7,-2518.12,False,False,True,True
la_urban,way_244066774,success,3,3,-943.31,False,False,True,True
la_urban,way_376146181,success,2,2,-556.6,False,False,True,True
la_urban,way_376149028,success,44,44,-445.35,False,False,True,True
la_urban,way_376149029,success,2,2,-481.42,False,False,True,True
la_urban,way_376149058,success,3,3,-5195.58,False,False,True,True
la_urban,way_379694092,success,1,1,-257.68,False,False,True,True
la_urban,way_388772955,success,4,4,-4321.15,False,False,True,True
la_urban,way_388772956,success,12,12,-5816.23,False,False,True,True
la_urban,way_401903955,success,108,108,-336.33,False,False,True,True
la_urban,way_401903957,success,6,6,-2979.52,False,False,True,True
la_urban,way_401904727,success,9,9,-2378.93,False,False,True,True
la_urban,way_401904729,success,16,16,-349.42,False,False,True,True
la_urban,way_401904731,success,3,3,-779.47,False,False,True,True
la_urban,way_401904732,success,5,5,-2739.92,False,False,True,True
la_urban,way_401904735,success,3,3,-2158.86,False,False,True,True
la_urban,way_401906095,success,2,2,-365.57,False,False,True,True
la_urban,way_401907375,success,16,16,-192.44,False,False,True,True
la_urban,way_401907376,success,12,12,-196.86,False,False,True,True
la_urban,way_401907377,success,3,3,-1037.56,False,False,True,True
la_urban,way_401907378,success,12,12,-141.29,False,False,True,True
la_urban,way_401907379,success,3,3,-231.2,False,False,True,True
la_urban,way_401907380,success,3,3,-411.38,False,False,True,True
la_urban,way_401907381,success,27,27,-417.24,False,False,True,True
la_urban,way_401907382,success,5,5,-723.43,False,False,True,True
la_urban,way_401907383,success,35,35,-136.33,False,False,True,True
la_urban,way_401907384,success,6,6,-703.43,False,False,True,True
la_urban,way_401907387,success,6,6,-587.6,False,False,True,True
la_urban,way_401907388,success,2,2,-558.33,False,False,True,True
la_urban,way_401907389,success,4,4,-578.79,False,False,True,True
la_urban,way_401910456,success,5,5,-995.1,False,False,True,True
la_urban,way_401910457,success,2,2,-800.54,False,False,True,True
la_urban,way_401910458,success,3,3,-606.72,False,False,True,True
la_urban,way_401910460,success,11,11,-989.26,False,False,True,True
la_urban,way_401910461,success,6,6,-839.52,False,False,True,True
la_urban,way_401910463,success,2,2,-456.58,False,False,True,True
la_urban,way_401910464,success,2,2,-349.4,False,False,True,True
la_urban,way_401910465,success,2,2,-211.7,False,False,True,True
la_urban,way_401910884,success,7,7,-524.78,False,False,True,True
la_urban,way_401910885,success,6,6,-557.25,False,False,True,True
la_urban,way_401910886,success,3,3,-423.26,False,False,True,True
la_urban,way_401910888,success,10,10,-1110.03,False,False,True,True
la_urban,way_401910889,success,5,5,-2671.86,False,False,True,True
la_urban,way_401910891,success,3,3,-305.66,False,False,True,True
la_urban,way_401910892,success,13,13,-1592.26,False,False,True,True
la_urban,way_401911154,success,4,4,-866.41,False,False,True,True
la_urban,way_401911274,success,3,3,-223.68,False,False,True,True
la_urban,way_401911275,success,2,2,-83.87,False,False,True,True
la_urban,way_401911276,success,3,3,-176.56,False,False,True,True
la_urban,way_401911277,success,2,2,-117.07,False,False,True,True
la_urban,way_401911278,success,2,2,-345.17,False,False,True,True
la_urban,way_401911279,success,3,3,-189.19,False,False,True,True
la_urban,way_401911280,success,5,5,-1223.81,False,False,True,True
la_urban,way_401911281,success,4,4,-496.75,False,False,True,True
la_urban,way_402036175,success,1,1,-6124.22,False,False,True,True
la_urban,way_402036176,success,21,21,-3795.28,False,False,True,True
la_urban,way_402036177,success,5,5,-428.95,False,False,True,True
la_urban,way_402036179,success,17,17,-6168.72,False,False,True,True
la_urban,way_402036180,success,6,6,-9611.03,False,False,True,True
la_urban,way_402036181,success,1,1,-12049.7,False,False,True,True
la_urban,way_402036182,success,1,1,-4559.08,False,False,True,True
la_urban,way_402036183,success,5,5,-581.74,False,False,True,True
la_urban,way_402036184,success,4,4,-244.2,False,False,True,True
la_urban,way_402036185,success,9,9,-6437.03,False,False,True,True
la_urban,way_402036784,success,22,22,-1785.09,False,False,True,True
la_urban,way_402036789,success,29,29,-4074.41,False,False,True,True
la_urban,way_402215465,success,11,11,-2020.5,False,False,True,True
la_urban,way_402215466,success,4,4,-1300.35,False,False,True,True
la_urban,way_402215467,success,4,4,-624.07,False,False,True,True
la_urban,way_402215468,success,6,6,-635.16,False,False,True,True
la_urban,way_402215469,not_simulated,6,6,-1376.24,True,True,True,True
la_urban,way_402215470,success,4,4,-840.55,False,False,True,True
la_urban,way_402216570,success,4,4,-1165.83,False,False,True,True
la_urban,way_402216572,success,4,4,-1021.2,False,False,True,True
la_urban,way_402216573,success,2,2,-298.24,False,False,True,True
la_urban,way_402216574,success,3,3,-356.14,False,False,True,True
la_urban,way_402216575,success,2,2,-90.91,False,False,True,True
la_urban,way_402216579,success,6,6,-1107.09,False,False,True,True
la_urban,way_402217278,success,3,3,-594.64,False,False,True,True
la_urban,way_402217279,success,2,2,-443.06,False,False,True,True
la_urban,way_402217281,success,2,2,-274.18,False,False,True,True
la_urban,way_402217282,success,3,3,-216.76,False,False,True,True
la_urban,way_402217283,success,3,3,-145.74,False,False,True,True
la_urban,way_402217284,success,3,3,-450.62,False,False,True,True
la_urban,way_402220799,success,2,2,-561.86,False,False,True,True
la_urban,way_402220802,success,4,4,-358.98,False,False,True,True
la_urban,way_402220810,success,3,3,-356.58,False,False,True,True
la_urban,way_402220821,success,3,3,-819.78,False,False,True,True
la_urban,way_402220825,success,2,2,-86.26,False,False,True,True
la_urban,way_402220827,success,4,4,-328.23,False,False,True,True
la_urban,way_402220830,success,2,2,-91.83,False,False,True,True
la_urban,way_402220832,success,4,4,-360.42,False,False,True,True
la_urban,way_402222541,success,2,2,-44.06,False,False,True,True
la_urban,way_402222542,success,30,30,-154.64,False,False,True,True
la_urban,way_402222543,success,3,3,-390.91,False,False,True,True
la_urban,way_402222548,success,2,2,-306.58,False,False,True,True
la_urban,way_402222549,success,3,3,-383.36,False,False,True,True
la_urban,way_402222550,success,3,3,-607.01,False,False,True,True
la_urban,way_402222551,success,2,2,-106.32,False,False,True,True
la_urban,way_402222552,success,3,3,-318.14,False,False,True,True
la_urban,way_402222553,success,3,3,-362.93,False,False,True,True
la_urban,way_402222554,success,3,3,-378.82,False,False,True,True
la_urban,way_402222555,success,2,2,-97.39,False,False,True,True
la_urban,way_402222556,success,3,3,-451.44,False,False,True,True
la_urban,way_402222560,success,1,1,-104.95,False,False,True,True
la_urban,way_402222662,success,3,3,-603.73,False,False,True,True
la_urban,way_402231355,success,2,2,-159.26,False,False,True,True
la_urban,way_402231358,success,4,4,-974.45,False,False,True,True
la_urban,way_402231369,success,6,6,-564.44,False,False,True,True
la_urban,way_402231370,success,4,4,-446.13,False,False,True,True
la_urban,way_402231371,success,6,6,-1917.99,False,False,True,True
la_urban,way_402231372,success,3,3,-517.04,False,False,True,True
la_urban,way_402231373,success,4,4,-486.66,False,False,True,True
la_urban,way_402234752,success,13,13,-682.52,False,False,True,True
la_urban,way_402234753,success,10,10,-821.01,False,False,True,True
la_urban,way_402234754,success,13,13,-71.67,False,False,True,True
la_urban,way_402234756,success,3,3,-236.16,False,False,True,True
la_urban,way_402234757,success,3,3,-356.19,False,False,True,True
la_urban,way_402234758,success,4,4,-526.58,False,False,True,True
la_urban,way_402234762,success,1,1,-1391.95,False,False,True,True
la_urban,way_402234763,success,3,3,-97.44,False,False,True,True
la_urban,way_402241959,success,3,3,-749.97,False,False,True,True
la_urban,way_402241964,success,3,3,-388.18,False,False,True,True
la_urban,way_402247246,success,4,4,-1348.45,False,False,True,True
la_urban,way_402247247,success,3,3,-251.53,False,False,True,True
la_urban,way_402247248,success,1,1,-52.92,False,False,True,True
la_urban,way_402247249,success,1,1,-49.66,False,False,True,True
la_urban,way_402247250,success,3,3,-307.19,False,False,True,True
la_urban,way_402247251,success,1,1,-70.89,False,False,True,True
la_urban,way_402247252,success,3,3,-279.31,False,False,True,True
la_urban,way_402247253,success,3,3,-261.75,False,False,True,True
la_urban,way_402247254,success,2,2,-94.05,False,False,True,True
la_urban,way_402247255,success,3,3,-300.56,False,False,True,True
la_urban,way_402247256,success,3,3,-312.92,False,False,True,True
la_urban,way_402247257,success,2,2,-105.68,False,False,True,True
la_urban,way_402247258,success,2,2,-110.31,False,False,True,True
la_urban,way_402247259,success,3,3,-264.72,False,False,True,True
la_urban,way_402247260,success,3,3,-331.69,False,False,True,True
la_urban,way_402247261,success,5,5,-326.91,False,False,True,True
la_urban,way_402247262,success,3,3,-193.51,False,False,True,True
la_urban,way_402247263,success,3,3,-453.81,False,False,True,True
la_urban,way_402247264,success,3,3,-319.33,False,False,True,True
la_urban,way_402247265,success,2,2,-66.33,False,False,True,True
la_urban,way_402247266,success,3,3,-653.46,False,False,True,True
la_urban,way_402247267,success,2,2,-214.42,False,False,True,True
la_urban,way_402247269,success,2,2,-145.46,False,False,True,True
la_urban,way_402247270,success,3,3,-226.73,False,False,True,True
la_urban,way_402247271,success,3,3,-292.08,False,False,True,True
la_urban,way_402247272,success,4,4,-315.85,False,False,True,True
la_urban,way_402247273,success,3,3,-497.47,False,False,True,True
la_urban,way_402247274,success,3,3,-317.36,False,False,True,True
la_urban,way_402247275,success,2,2,-61.9,False,False,True,True
la_urban,way_402247680,success,4,4,-349.17,False,False,True,True
la_urban,way_402247681,success,2,2,-74.89,False,False,True,True
la_urban,way_402247684,success,4,4,-329.26,False,False,True,True
la_urban,way_402247685,success,4,4,-276.99,False,False,True,True
la_urban,way_402247686,success,2,2,-60.8,False,False,True,True
la_urban,way_402247687,success,4,4,-323.53,False,False,True,True
la_urban,way_402247688,success,1,1,-65.24,False,False,True,True
la_urban,way_402247771,success,4,4,-566.92,False,False,True,True
la_urban,way_402247772,success,3,3,-536.6,False,False,True,True
la_urban,way_402247773,success,7,7,-590.1,False,False,True,True
la_urban,way_402247774,success,2,2,-41.68,False,False,True,True
la_urban,way_402247775,success,3,3,-270.01,False,False,True,True
la_urban,way_402247776,success,3,3,-262.58,False,False,True,True
la_urban,way_402247938,success,3,3,-351.46,False,False,True,True
la_urban,way_402247939,success,2,2,-119.26,False,False,True,True
la_urban,way_402247940,success,3,3,-320.07,False,False,True,True
la_urban,way_402247941,success,2,2,-113.56,False,False,True,True
la_urban,way_402247942,success,7,7,-1471.63,False,False,True,True
la_urban,way_402247943,success,3,3,-357.83,False,False,True,True
la_urban,way_402248258,success,6,6,-506.3,False,False,True,True
la_urban,way_402248259,success,3,3,-510.38,False,False,True,True
la_urban,way_402248260,success,3,3,-158.81,False,False,True,True
la_urban,way_402248261,success,3,3,-279.18,False,False,True,True
la_urban,way_402248262,success,3,3,-400.63,False,False,True,True
la_urban,way_402248264,success,3,3,-287.79,False,False,True,True
la_urban,way_402250516,success,2,2,-61.92,False,False,True,True
la_urban,way_402250517,success,1,1,-60.23,False,False,True,True
la_urban,way_402250519,success,2,2,-49.6,False,False,True,True
la_urban,way_402250520,success,3,3,-232.23,False,False,True,True
la_urban,way_402250521,success,3,3,-332.03,False,False,True,True
la_urban,way_402250524,success,3,3,-192.11,False,False,True,True
la_urban,way_402250525,success,3,3,-482.18,False,False,True,True
la_urban,way_402250527,success,5,5,-1113.62,False,False,True,True
la_urban,way_402250528,success,3,3,-454.54,False,False,True,True
la_urban,way_402250529,success,2,2,-56.99,False,False,True,True
la_urban,way_402250531,success,3,3,-223.07,False,False,True,True
la_urban,way_402250532,success,3,3,-210.85,False,False,True,True
la_urban,way_402253647,success,2,2,-500.35,False,False,True,True
la_urban,way_402253648,success,2,2,-304.03,False,False,True,True
la_urban,way_402253649,success,3,3,-526.58,False,False,True,True
la_urban,way_402253650,success,3,3,-375.22,False,False,True,True
la_urban,way_402253652,success,2,2,-348.31,False,False,True,True
la_urban,way_402253653,success,3,3,-502.81,False,False,True,True
la_urban,way_402253654,success,2,2,-439.64,False,False,True,True
la_urban,way_402253655,success,2,2,-466.91,False,False,True,True
la_urban,way_402253657,success,4,4,-496.54,False,False,True,True
la_urban,way_402253658,success,3,3,-273.88,False,False,True,True
la_urban,way_402253659,success,1,1,-38.28,False,False,True,True
la_urban,way_402253660,success,4,4,-513.84,False,False,True,True
la_urban,way_402253662,success,3,3,-185.42,False,False,True,True
la_urban,way_402253663,success,2,2,-63.08,False,False,True,True
la_urban,way_402253664,success,2,2,-38.83,False,False,True,True
la_urban,way_402253665,success,3,3,-309.45,False,False,True,True
la_urban,way_402253667,success,5,5,-439.27,False,False,True,True
la_urban,way_402253669,success,4,4,-295.12,False,False,True,True
la_urban,way_402254084,success,4,4,-283.18,False,False,True,True
la_urban,way_402254085,success,4,4,-1125.37,False,False,True,True
la_urban,way_402254086,success,1,1,-193.35,False,False,True,True
la_urban,way_402254087,success,3,3,-394.46,False,False,True,True
la_urban,way_402254088,success,2,2,-56.89,False,False,True,True
la_urban,way_402254089,success,3,3,-251.13,False,False,True,True
la_urban,way_402254090,success,2,2,-58.77,False,False,True,True
la_urban,way_402255136,success,2,2,-544.9,False,False,True,True
la_urban,way_402255141,success,3,3,-280.82,False,False,True,True
la_urban,way_402255143,success,3,3,-276.06,False,False,True,True
la_urban,way_402255358,success,3,3,-530.37,False,False,True,True
la_urban,way_402255359,success,1,1,-206.87,False,False,True,True
la_urban,way_402255360,success,4,4,-399.13,False,False,True,True
la_urban,way_402255362,success,6,6,-508.18,False,False,True,True
la_urban,way_402255363,success,2,2,-81.92,False,False,True,True
la_urban,way_402257179,success,3,3,-239.04,False,False,True,True
la_urban,way_402257183,success,2,2,-78.67,False,False,True,True
la_urban,way_402257184,success,5,5,-531.33,False,False,True,True
la_urban,way_402259212,success,3,3,-557.13,False,False,True,True
la_urban,way_402259213,success,7,7,-395.22,False,False,True,True
la_urban,way_402259221,success,4,4,-530.08,False,False,True,True
la_urban,way_402259222,success,4,4,-1094.99,False,False,True,True
la_urban,way_402259223,success,3,3,-353.5,False,False,True,True
la_urban,way_402259224,success,2,2,-140.92,False,False,True,True
la_urban,way_402259225,success,2,2,-48.99,False,False,True,True
la_urban,way_402259226,success,3,3,-382.53,False,False,True,True
la_urban,way_402259227,success,3,3,-395.58,False,False,True,True
la_urban,way_402259228,success,2,2,-99.23,False,False,True,True
la_urban,way_402259229,success,7,7,-1288.48,False,False,True,True
la_urban,way_402259230,success,5,5,-699.73,False,False,True,True
la_urban,way_402259784,success,2,2,-269.62,False,False,True,True
la_urban,way_402259785,success,3,3,-488.54,False,False,True,True
la_urban,way_402259786,success,3,3,-427.21,False,False,True,True
la_urban,way_402259787,success,3,3,-425.71,False,False,True,True
la_urban,way_402259789,success,7,7,-994.1,False,False,True,True
la_urban,way_402259790,success,4,4,-435.8,False,False,True,True
la_urban,way_402259791,success,4,4,-434.5,False,False,True,True
la_urban,way_402259792,success,1,1,-521.67,False,False,True,True
la_urban,way_402259793,success,4,4,-630.21,False,False,True,True
la_urban,way_402259794,success,4,4,-534.14,False,False,True,True
la_urban,way_402264140,success,10,10,-891.27,False,False,True,True
la_urban,way_402264141,success,7,7,-519.27,False,False,True,True
la_urban,way_402264142,success,3,3,-615.21,False,False,True,True
la_urban,way_402264143,success,4,4,-484.4,False,False,True,True
la_urban,way_402264144,success,5,5,-484.4,False,False,True,True
la_urban,way_402264145,success,4,4,-529.43,False,False,True,True
la_urban,way_402264146,success,4,4,-540.9,False,False,True,True
la_urban,way_402264339,success,3,3,-577.51,False,False,True,True
la_urban,way_402264340,success,2,2,-140.6,False,False,True,True
la_urban,way_402264341,success,3,3,-462.43,False,False,True,True
la_urban,way_402264342,success,3,3,-466.66,False,False,True,True
la_urban,way_402264343,success,3,3,-463.88,False,False,True,True
la_urban,way_402264344,success,3,3,-463.86,False,False,True,True
la_urban,way_402264345,success,3,3,-454.83,False,False,True,True
la_urban,way_402264346,success,3,3,-521.42,False,False,True,True
la_urban,way_402270315,success,3,3,-169.52,False,False,True,True
la_urban,way_402270316,success,3,3,-229.22,False,False,True,True
la_urban,way_402270317,success,3,3,-222.05,False,False,True,True
la_urban,way_402271397,success,3,3,-609.01,False,False,True,True
la_urban,way_402271398,success,3,3,-360.26,False,False,True,True
la_urban,way_402271399,success,3,3,-187.03,False,False,True,True
la_urban,way_402271400,success,2,2,-110.08,False,False,True,True
la_urban,way_402271402,success,2,2,-413.66,False,False,True,True
la_urban,way_402271403,success,3,3,-193.03,False,False,True,True
la_urban,way_402271404,success,5,5,-502.22,False,False,True,True
la_urban,way_402271405,success,1,1,-97.6,False,False,True,True
la_urban,way_402271406,success,2,2,-345.71,False,False,True,True
la_urban,way_402271407,success,1,1,-45.93,False,False,True,True
la_urban,way_402272754,success,3,3,-435.08,False,False,True,True
la_urban,way_402272755,success,3,3,-338.66,False,False,True,True
la_urban,way_402272756,success,3,3,-394.38,False,False,True,True
la_urban,way_402272994,success,3,3,-304.08,False,False,True,True
la_urban,way_402272995,success,3,3,-296.67,False,False,True,True
la_urban,way_402272996,success,2,2,-136.5,False,False,True,True
la_urban,way_402272997,success,3,3,-172.97,False,False,True,True
la_urban,way_402272998,success,3,3,-70.16,False,False,True,True
la_urban,way_402272999,success,3,3,-209.79,False,False,True,True
la_urban,way_402273170,success,3,3,-416.39,False,False,True,True
la_urban,way_402273171,success,4,4,-229.93,False,False,True,True
la_urban,way_402273172,success,4,4,-513.55,False,False,True,True
la_urban,way_402273173,success,3,3,-143.13,False,False,True,True
la_urban,way_402273174,success,3,3,-441.25,False,False,True,True
la_urban,way_402273175,success,2,2,-458.08,False,False,True,True
la_urban,way_402273176,success,3,3,-178.84,False,False,True,True
la_urban,way_402273177,success,3,3,-195.44,False,False,True,True
la_urban,way_402273178,success,3,3,-256.88,False,False,True,True
la_urban,way_402273179,success,2,2,-125.56,False,False,True,True
la_urban,way_402273180,success,3,3,-328.37,False,False,True,True
la_urban,way_402273181,success,2,2,-82.84,False,False,True,True
la_urban,way_402273202,success,6,6,-566.44,False,False,True,True
la_urban,way_402273204,success,2,2,-400.49,False,False,True,True
la_urban,way_402276707,success,3,3,-516.17,False,False,True,True
la_urban,way_402278395,success,3,3,-314.21,False,False,True,True
la_urban,way_402278396,success,1,1,-96.2,False,False,True,True
la_urban,way_402278397,success,2,2,-449.85,False,False,True,True
la_urban,way_402278398,success,3,3,-315.12,False,False,True,True
la_urban,way_402278399,success,3,3,-216.02,False,False,True,True
la_urban,way_402278400,success,2,2,-438.39,False,False,True,True
la_urban,way_402278401,success,1,1,-101.86,False,False,True,True
la_urban,way_402278402,success,3,3,-475.08,False,False,True,True
la_urban,way_402278403,success,2,2,-75.98,False,False,True,True
la_urban,way_402278404,success,3,3,-281.48,False,False,True,True
la_urban,way_402278405,success,3,3,-253.56,False,False,True,True
la_urban,way_402278406,success,3,3,-307.23,False,False,True,True
la_urban,way_402278407,success,3,3,-294.48,False,False,True,True
la_urban,way_402278408,success,1,1,-105.39,False,False,True,True
la_urban,way_402278409,success,1,1,-88.97,False,False,True,True
la_urban,way_402278410,success,3,3,-211.62,False,False,True,True
la_urban,way_402278411,success,3,3,-214.55,False,False,True,True
la_urban,way_402278412,success,1,1,-104.66,False,False,True,True
la_urban,way_402278413,success,3,3,-227.72,False,False,True,True
la_urban,way_402278414,success,3,3,-178.63,False,False,True,True
la_urban,way_402278415,success,3,3,-290.09,False,False,True,True
la_urban,way_402278464,success,6,6,-914.08,False,False,True,True
la_urban,way_402278466,success,3,3,-287.06,False,False,True,True
la_urban,way_402278467,success,3,3,-268.76,False,False,True,True
la_urban,way_402278468,success,3,3,-194.49,False,False,True,True
la_urban,way_402278469,success,3,3,-260.38,False,False,True,True
la_urban,way_402278470,success,3,3,-295.26,False,False,True,True
la_urban,way_402278681,success,7,7,-376.27,False,False,True,True
la_urban,way_402278683,success,3,3,-225.46,False,False,True,True
la_urban,way_402278684,success,2,2,-40.89,False,False,True,True
la_urban,way_402278685,success,5,5,-413.37,False,False,True,True
la_urban,way_402278686,success,2,2,-41.49,False,False,True,True
la_urban,way_402278687,success,3,3,-231.78,False,False,True,True
la_urban,way_402278688,success,2,2,-135.23,False,False,True,True
la_urban,way_402278689,success,2,2,-32.25,False,False,True,True
la_urban,way_402278690,success,3,3,-265.67,False,False,True,True
la_urban,way_402278691,success,2,2,-323.33,False,False,True,True
la_urban,way_402278692,success,2,2,-87.08,False,False,True,True
la_urban,way_402278693,success,2,2,-287.21,False,False,True,True
la_urban,way_402278694,success,2,2,-65.71,False,False,True,True
la_urban,way_402278695,success,2,2,-58.59,False,False,True,True
la_urban,way_402278696,success,2,2,-42.54,False,False,True,True
la_urban,way_402278697,success,2,2,-34.42,False,False,True,True
la_urban,way_402278903,success,5,5,-812.94,False,False,True,True
la_urban,way_402279954,success,3,3,-353.26,False,False,True,True
la_urban,way_402279955,success,1,1,-286.63,False,False,True,True
la_urban,way_402279956,success,5,5,-725.11,False,False,True,True
la_urban,way_402279957,success,1,1,-41.24,False,False,True,True
la_urban,way_402279958,success,2,2,-271.38,False,False,True,True
la_urban,way_402279959,success,6,6,-717.68,False,False,True,True
la_urban,way_402279960,success,6,6,-802.55,False,False,True,True
la_urban,way_402279961,success,4,4,-406.33,False,False,True,True
la_urban,way_402279962,success,2,2,-291.26,False,False,True,True
la_urban,way_402279963,success,2,2,-44.12,False,False,True,True
la_urban,way_402279964,success,2,2,-46.02,False,False,True,True
la_urban,way_402279965,success,1,1,-297.99,False,False,True,True
la_urban,way_402280639,success,6,6,-544.95,False,False,True,True
la_urban,way_402280640,success,3,3,-263.42,False,False,True,True
la_urban,way_402280643,success,2,2,-106.21,False,False,True,True
la_urban,way_402280644,success,4,4,-422.55,False,False,True,True
la_urban,way_402280646,success,3,3,-179.42,False,False,True,True
la_urban,way_402280647,success,3,3,-306.59,False,False,True,True
la_urban,way_402280649,success,6,6,-505.42,False,False,True,True
la_urban,way_402280650,success,4,4,-415.18,False,False,True,True
la_urban,way_402280652,success,3,3,-296.07,False,False,True,True
la_urban,way_402280653,success,4,4,-251.83,False,False,True,True
la_urban,way_402280875,success,3,3,-307.84,False,False,True,True
la_urban,way_402280876,success,2,2,-91.01,False,False,True,True
la_urban,way_402280877,success,3,3,-272.26,False,False,True,True
la_urban,way_402280878,success,2,2,-103.5,False,False,True,True
la_urban,way_402280880,success,3,3,-223.28,False,False,True,True
la_urban,way_402280881,success,3,3,-247.07,False,False,True,True
la_urban,way_402280882,success,3,3,-216.09,False,False,True,True
la_urban,way_402280883,success,1,1,-65.56,False,False,True,True
la_urban,way_402280884,success,4,4,-976.15,False,False,True,True
la_urban,way_402282245,success,5,5,-835.73,False,False,True,True
la_urban,way_402285047,success,3,3,-710.5,False,False,True,True
la_urban,way_402286984,success,6,6,-999.13,False,False,True,True
la_urban,way_402286988,success,6,6,-917.36,False,False,True,True
la_urban,way_402286989,success,5,5,-711.93,False,False,True,True
la_urban,way_402305221,success,6,6,-539.89,False,False,True,True
la_urban,way_402307204,success,3,3,-347.61,False,False,True,True
la_urban,way_402307205,success,1,1,-296.87,False,False,True,True
la_urban,way_402307206,success,1,1,-65.99,False,False,True,True
la_urban,way_402307227,success,2,2,-59.77,False,False,True,True
la_urban,way_402310720,success,3,3,-349.55,False,False,True,True
la_urban,way_402310739,success,5,5,-1666.51,False,False,True,True
la_urban,way_402312387,success,3,3,-272.72,False,False,True,True
la_urban,way_402312388,success,2,2,-176.86,False,False,True,True
la_urban,way_402312389,success,3,3,-267.24,False,False,True,True
la_urban,way_402312390,success,3,3,-275.69,False,False,True,True
la_urban,way_402312391,success,1,1,-50.35,False,False,True,True
la_urban,way_402312392,success,2,2,-80.22,False,False,True,True
la_urban,way_402312393,success,1,1,-113.86,False,False,True,True
la_urban,way_402312394,success,2,2,-90.55,False,False,True,True
la_urban,way_402312395,success,1,1,-84.91,False,False,True,True
la_urban,way_402312397,success,3,3,-267.4,False,False,True,True
la_urban,way_402312398,success,3,3,-164.55,False,False,True,True
la_urban,way_419971841,success,2,2,-153.66,False,False,True,True
la_urban,way_419971891,success,90,90,-192.25,False,False,True,True
la_urban,way_419971902,success,2,2,-30.9,False,False,True,True
la_urban,way_427049837,success,42,42,-695.01,False,False,True,True
la_urban,way_427049838,success,3,3,-549.07,False,False,True,True
la_urban,way_427049839,success,3,3,-217.79,False,False,True,True
la_urban,way_427049840,success,3,3,-543.04,False,False,True,True
la_urban,way_427049841,success,8,8,-908.47,False,False,True,True
la_urban,way_427049842,success,77,77,-659.58,False,False,True,True
la_urban,way_427049844,success,2,2,-157.13,False,False,True,True
la_urban,way_427049845,success,3,3,-313.63,False,False,True,True
la_urban,way_427049846,success,2,2,-3065.16,False,False,True,True
la_urban,way_427049847,success,8,8,-712.55,False,False,True,True
la_urban,way_427049848,success,6,6,-740.36,False,False,True,True
la_urban,way_427049849,success,3,3,-709.53,False,False,True,True
la_urban,way_427049850,success,3,3,-687.99,False,False,True,True
la_urban,way_427049851,success,39,39,-288.89,False,False,True,True
la_urban,way_427049852,success,3,3,-342.52,False,False,True,True
la_urban,way_427049854,success,3,3,-520.7,False,False,True,True
la_urban,way_427049857,success,9,9,-1049.14,False,False,True,True
la_urban,way_427049860,success,5,5,-817.84,False,False,True,True
la_urban,way_427049864,success,3,3,-326.71,False,False,True,True
la_urban,way_427049867,success,3,3,-320.5,False,False,True,True
la_urban,way_427049869,success,10,10,-985.05,False,False,True,True
la_urban,way_427049870,success,3,3,-254.08,False,False,True,True
la_urban,way_427049871,success,3,3,-833.28,False,False,True,True
la_urban,way_427049872,success,3,3,-416.26,False,False,True,True
la_urban,way_427049873,success,6,6,-1112.99,False,False,True,True
la_urban,way_427049874,success,20,20,-351.22,False,False,True,True
la_urban,way_427049875,success,1,1,-80.26,False,False,True,True
la_urban,way_427049876,success,2,2,-104.62,False,False,True,True
la_urban,way_427049877,success,1,1,-115.01,False,False,True,True
la_urban,way_427049879,success,2,2,-92.15,False,False,True,True
la_urban,way_427049881,success,1,1,-119.57,False,False,True,True
la_urban,way_427049882,success,8,8,-821.86,False,False,True,True
la_urban,way_427049883,success,4,4,-959.82,False,False,True,True
la_urban,way_427049885,success,1,1,-112.14,False,False,True,True
la_urban,way_427049886,success,2,2,-114.36,False,False,True,True
la_urban,way_427049887,success,2,2,-103.01,False,False,True,True
la_urban,way_427049888,success,3,3,-709.21,False,False,True,True
la_urban,way_427049889,success,4,4,-564.22,False,False,True,True
la_urban,way_427049890,success,4,4,-561.22,False,False,True,True
la_urban,way_427270582,success,108,108,-294.08,False,False,True,True
la_urban,way_427270585,success,16,16,-1484.8,False,False,True,True
la_urban,way_427270590,success,6,6,-6758.61,False,False,True,True
la_urban,way_427274618,success,2,2,-502.1,False,False,True,True
la_urban,way_427274621,success,3,3,-1760.78,False,False,True,True
la_urban,way_427274623,success,13,13,-3565.1,False,False,True,True
la_urban,way_427274624,success,3,3,-576.96,False,False,True,True
la_urban,way_427274629,success,15,15,-2176.24,False,False,True,True
la_urban,way_427274635,success,6,6,-853.0,False,False,True,True
la_urban,way_427274650,success,8,8,-1382.1,False,False,True,True
la_urban,way_427274663,success,7,7,-1454.7,False,False,True,True
la_urban,way_427274669,success,6,6,-684.55,False,False,True,True
la_urban,way_427278382,success,120,120,-337.05,False,False,True,True
la_urban,way_427278417,success,52,52,-180.45,False,False,True,True
la_urban,way_427278427,success,1,1,-5963.68,False,False,True,True
la_urban,way_427278443,success,420,420,-431.46,False,False,True,True
la_urban,way_427462755,success,35,35,-195.44,False,False,True,True
la_urban,way_427462762,success,17,17,-2025.29,False,False,True,True
la_urban,way_427462776,success,6,6,-880.08,False,False,True,True
la_urban,way_427462795,success,24,24,-447.53,False,False,True,True
la_urban,way_428556523,success,4,4,-822.86,False,False,True,True
la_urban,way_428556910,success,4,4,-744.31,False,False,True,True
la_urban,way_428616791,success,4,4,-1243.09,False,False,True,True
la_urban,way_428616994,success,2,2,-618.98,False,False,True,True
la_urban,way_428617052,success,12,12,-183.51,False,False,True,True
la_urban,way_428624177,success,3,3,-542.83,False,False,True,True
la_urban,way_428624261,success,2,2,-198.18,False,False,True,True
la_urban,way_428637633,success,4,4,-1974.6,False,False,True,True
la_urban,way_428643298,success,3,3,-670.77,False,False,True,True
la_urban,way_428643299,success,3,3,-411.03,False,False,True,True
la_urban,way_428643300,success,3,3,-439.86,False,False,True,True
la_urban,way_428643301,success,1,1,-6365.09,False,False,True,True
la_urban,way_428643302,success,5,5,-683.99,False,False,True,True
la_urban,way_428643303,success,6,6,-743.62,False,False,True,True
la_urban,way_428643304,success,6,6,-686.77,False,False,True,True
la_urban,way_428643305,success,6,6,-652.63,False,False,True,True
la_urban,way_428643306,success,5,5,-618.65,False,False,True,True
la_urban,way_428643307,success,6,6,-666.02,False,False,True,True
la_urban,way_428643308,success,6,6,-663.92,False,False,True,True
la_urban,way_428643310,success,7,7,-639.0,False,False,True,True
la_urban,way_428643311,success,6,6,-661.65,False,False,True,True
la_urban,way_428643312,success,60,60,-177.5,False,False,True,True
la_urban,way_428643313,success,4,4,-333.03,False,False,True,True
la_urban,way_428643314,success,6,6,-657.5,False,False,True,True
la_urban,way_428643315,success,7,7,-779.9,False,False,True,True
la_urban,way_428643316,success,6,6,-667.15,False,False,True,True
la_urban,way_428643317,success,6,6,-616.28,False,False,True,True
la_urban,way_428643318,success,6,6,-632.63,False,False,True,True
la_urban,way_428643319,success,6,6,-587.99,False,False,True,True
la_urban,way_428643320,success,6,6,-587.55,False,False,True,True
la_urban,way_428643321,success,6,6,-590.08,False,False,True,True
la_urban,way_428643322,success,3,3,-996.89,False,False,True,True
la_urban,way_428643323,success,6,6,-1293.62,False,False,True,True
la_urban,way_428643324,success,6,6,-1237.76,False,False,True,True
la_urban,way_428643325,success,2,2,-123.16,False,False,True,True
la_urban,way_428643327,success,1,1,-118.63,False,False,True,True
la_urban,way_428643329,success,3,3,-440.04,False,False,True,True
la_urban,way_428643330,success,11,11,-1126.1,False,False,True,True
la_urban,way_428643331,success,5,5,-633.8,False,False,True,True
la_urban,way_428643332,success,4,4,-631.84,False,False,True,True
la_urban,way_428643334,success,3,3,-435.52,False,False,True,True
la_urban,way_428643335,success,17,17,-8079.7,False,False,True,True
la_urban,way_428643336,success,2,2,-76.34,False,False,True,True
la_urban,way_428846124,success,6,6,-537.25,False,False,True,True
la_urban,way_428846125,success,3,3,-274.93,False,False,True,True
la_urban,way_428846126,success,1,1,-40.82,False,False,True,True
la_urban,way_428846127,success,18,18,-194.48,False,False,True,True
la_urban,way_428846128,success,3,3,-275.78,False,False,True,True
la_urban,way_428846129,success,2,2,-310.46,False,False,True,True
la_urban,way_428846130,success,2,2,-771.26,False,False,True,True
la_urban,way_428846131,success,3,3,-403.03,False,False,True,True
la_urban,way_428846132,success,3,3,-508.08,False,False,True,True
la_urban,way_428846134,success,2,2,-33.23,False,False,True,True
la_urban,way_428846136,success,2,2,-97.86,False,False,True,True
la_urban,way_428846138,success,2,2,-84.02,False,False,True,True
la_urban,way_428846139,success,2,2,-145.74,False,False,True,True
la_urban,way_428846140,success,5,5,-621.36,False,False,True,True
la_urban,way_428846141,success,2,2,-140.16,False,False,True,True
la_urban,way_429289124,success,1,1,-49.36,False,False,True,True
la_urban,way_429289126,success,2,2,-34.12,False,False,True,True
la_urban,way_429289129,success,2,2,-42.6,False,False,True,True
la_urban,way_429289130,success,2,2,-78.02,False,False,True,True
la_urban,way_429289131,success,2,2,-28.03,False,False,True,True
la_urban,way_429322038,success,6,6,-204.77,False,False,True,True
la_urban,way_429322045,success,1,1,-27.85,False,False,True,True
la_urban,way_429322055,success,3,3,-500.16,False,False,True,True
la_urban,way_429368292,success,2,2,-82.12,False,False,True,True
la_urban,way_429368294,success,2,2,-30.49,False,False,True,True
la_urban,way_429368297,success,1,1,-48.41,False,False,True,True
la_urban,way_429374106,success,2,2,-31.6,False,False,True,True
la_urban,way_429374108,success,3,3,-48.25,False,False,True,True
la_urban,way_429375969,success,1,1,-112.15,False,False,True,True
la_urban,way_429375970,success,2,2,-125.56,False,False,True,True
la_urban,way_429375971,success,1,1,-111.86,False,False,True,True
la_urban,way_429375972,success,2,2,-33.49,False,False,True,True
la_urban,way_429375973,success,2,2,-113.08,False,False,True,True
la_urban,way_429375974,success,2,2,-141.43,False,False,True,True
la_urban,way_429375975,success,3,3,-122.88,False,False,True,True
la_urban,way_429375976,success,1,1,-107.71,False,False,True,True
la_urban,way_429375977,success,2,2,-117.32,False,False,True,True
la_urban,way_429375978,success,2,2,-129.4,False,False,True,True
la_urban,way_429375979,success,2,2,-131.41,False,False,True,True
la_urban,way_429375980,success,1,1,-137.58,False,False,True,True
la_urban,way_429375981,success,2,2,-132.88,False,False,True,True
la_urban,way_429375982,success,2,2,-119.28,False,False,True,True
la_urban,way_429375983,success,1,1,-127.61,False,False,True,True
la_urban,way_429375984,success,1,1,-59.96,False,False,True,True
la_urban,way_429375985,success,2,2,-146.31,False,False,True,True
la_urban,way_431089954,success,3,3,-37.15,False,False,True,True
la_urban,way_490390110,success,48,48,-325.92,False,False,True,True
la_urban,way_490396647,success,7,7,-9475.58,False,False,True,True
la_urban,way_490396659,success,121,121,-430.49,False,False,True,True
la_urban,way_490396665,success,121,121,-431.48,False,False,True,True
la_urban,way_490396669,success,48,48,-336.43,False,False,True,True
la_urban,way_495912543,success,1,1,-192.84,False,False,True,True
la_urban,way_495912544,success,2,2,-483.14,False,False,True,True
la_urban,way_495912547,success,12,12,-335.07,False,False,True,True
la_urban,way_495912549,success,8,8,-581.05,False,False,True,True
la_urban,way_913603652,success,1,1,-3602.67,False,False,True,True
