severity,family,occurrences,buildings
Warning,"ProcessScheduleInput: Schedule:Constant=""X"", Blank Schedule Type L",8160,8160
Warning,"ProcessScheduleInput: Schedule:Constant=""X"", Blank Schedule Type Limit",8160,8160
Warning,"ProcessScheduleInput: Schedule:Constant=""X"", Blank Schedule Type Limits Name",8160,8160
Warning,"GetVertices: Floor is upside down! Tilt angle=[N], should be near N Surface=""BLO",44455,8160
Warning,"GetHTSurfaceData: Surfaces with interface to Ground found but no ""X"" wer",8160,8160
Warning,"GetVertices: Roof/Ceiling is upside down! Tilt angle=[N], should be near N Surfa",44433,8160
Warning,"ProcessScheduleInput: Schedule:Constant=""X"", Blank Schedule Type Lim",8160,8160
Warning,"Output:Meter: invalid Key Name=""X"" - not found.",52932,8160
Warning,CheckUsedConstructions: There are N nominally unused constructions in input.,8160,8160
Warning,The following Report Variables were requested but not generated -- check.rdd fil,8154,8154
Warning,"ProcessScheduleInput: Schedule:Compact=""X"", Schedule Type",15222,7917
Warning,Indicated Zone Volume <= N for Zone=WAY/N_FN_WHOLE,21807,7673
Warning,"ManageSizing: For a plant sizing run, there must be at least N Sizing:Plant obje",7624,7624
Warning,"ProcessScheduleInput: Schedule:Compact=""X"", Schedule Type Limi",5012,4357
Warning,"ProcessScheduleInput: Schedule:Compact=""X"", Schedule Type Lim",8272,4249
Warning,"ProcessScheduleInput: Schedule:Compact=""X"", Schedule Type Limit",7709,3912
Warning,"ProcessScheduleInput: Schedule:Constant=""X"", Blank Schedul",3770,3770
Warning,"ProcessScheduleInput: Schedule:Compact=""X"", Schedule",3213,3097
Warning,"ProcessScheduleInput: Schedule:Compact=""X"", Schedule Typ",8792,3016
Warning,"ProcessScheduleInput: Schedule:Constant=""X"", Blank Sc",2958,2958
Warning,Temperature out of range [N to N] (PsyPsatFnTemp),5442,2721
Warning,DeterminePolygonOverlap: Too many figures [>N] detected in an overlap calculatio,2523,2523
Warning,"CalcDoeNDXCoil: Coil:Cooling:DX:SingleSpeed=""X""",4569,2295
Warning,"CalcDoeNDXCoil: Coil:Cooling:DX:SingleSpeed ""X""",4569,2295
Warning,"CalcDoeNDXCoil: Coil:Cooling:DX:SingleSpeed=""X"" -",3767,2002
Warning,"CalcDoeNDXCoil: Coil:Cooling:DX:SingleSpeed ""X"" -",3767,2002
Warning,"ProcessScheduleInput: Schedule:Compact=""X"", Schedule Type L",1441,778
Warning,"ProcessScheduleInput: Schedule:Compact=""X"", Schedule T",661,661
Warning,"ProcessScheduleInput: Schedule:Constant=""X"", Blank Sch",661,661
Warning,"ProcessScheduleInput: Schedule:Compact=""X"", Schedule Type Li",1397,523
Warning,"ProcessScheduleInput: Schedule:Constant=""X"", Blank Schedu",494,494
Warning,Indicated Zone Volume <= N for Zone=WAY/N_FN_PERIMN,19183,385
Warning,Calculated design heating load for zone=WAY/N_FN_WHOLE is zero.,327,170
Warning,Calculated Relative Humidity out of range (PsyRhFnTdbWPb),340,170
Warning,"ProcessScheduleInput: Schedule:Compact=""X"", Schedule Type Limits",364,158
Warning,"ProcessScheduleInput: Schedule:Constant=""X"", Blank Schedule",157,155
Warning,"SimHVAC: Maximum iterations (N) exceeded for all HVAC loops, at RUNPERIODN N/N N",359,154
Warning,DetermineShadowingCombinations: There are N surfaces which are receiving surface,139,139
Warning,"ProcessScheduleInput: Schedule:Compact=""X"", Blank Schedule Type L",134,134
Warning,WetBulb not converged after max iterations(PsyTwbFnTdbWPb),132,132
Warning,WetBulb not converged after N iterations(PsyTwbFnTdbWPb),132,132
Warning,"ProcessScheduleInput: Schedule:Constant=""X"", Blank Schedule Ty",159,126
Warning,Indicated Zone Volume <= N for Zone=RELATION/N_FN_WHOLE,455,98
Warning,"ProcessScheduleInput: Schedule:Constant=""X"", Blank S",89,89
Warning,"ProcessScheduleInput: Schedule:Constant=""X"", Blank",133,83
Warning,"ProcessScheduleInput: Schedule:Compact=""X"", Schedul",116,83
Warning,The design coil load is zero for Coil:Heating:Water WAY/N_VAV_SYS HEATING COIL,82,82
Warning,"InitController: Controller:WaterCoil=""X"", Maxi",72,72
Warning,"For object = Coil:Cooling:DX:SingleSpeed, name = ""WAY/N_FN_WHOLE_HP_SYS COOLING ",66,66
Warning,"CalcDoeNDXCoil: Coil:Cooling:DX:SingleSpeed=""RELATION/N_FN_WHOLE_PSZ_SYS COOLING",204,59
Warning,"CalcDoeNDXCoil: Coil:Cooling:DX:SingleSpeed ""RELATION/N_FN_WHOLE_PSZ_SYS COOLING",204,59
Warning,"ProcessScheduleInput: Schedule:Compact=""X"", Schedule Ty",144,56
Warning,"ProcessScheduleInput: Schedule:Compact=""X"", Schedu",100,50
Warning,"ProcessScheduleInput: Schedule:Compact=""X"", Sch",50,50
Warning,"ProcessScheduleInput: Schedule:Constant=""X"", Bl",50,50
Warning,"InitController: Controller:WaterCoil=""X"", Max",50,50
Warning,The design coil load is zero for Coil:Heating:Water WAY/N_PVAV_SYS HEATING COIL,47,47
Warning,GetDensityGlycol: Temperature is out of range (too high) for fluid [WATER] densi,38,38
Warning,CalculateZoneVolume: N zones are not fully enclosed. For more details use: Outpu,38,38
Warning,GetDensityGlycol: Temperature out of range (too high) for fluid [WATER] density ,38,38
Warning,Calculated design heating load for zone=RELATION/N_FN_WHOLE is zero.,78,33
Warning,GetSpecificHeatGlycol: Temperature is out of range (too high) for fluid [WATER] ,33,33
Warning,"ProcessScheduleInput: Schedule:Constant=""X"", Blank Schedule Typ",33,33
Warning,"ProcessScheduleInput: Schedule:Constant=""X"", Bla",33,33
Warning,"ProcessScheduleInput: Schedule:Compact=""X"", Sche",33,33
Warning,GetSpecificHeatGlycol: Temperature out of range (too high) for fluid [WATER] spe,33,33
Warning,Actual air mass flow rate is smaller than N% of water-to-air heat pump coil rate,32,32
Warning,"SizeWaterCoil: Coil=""X"", Cooling Coil has leaving humidit",22,21
Warning,"For object = Coil:Cooling:DX:SingleSpeed, name = ""WAY/N_FN_PERIMN_HP_SYS COOLING",23,19
Severe,DetermineShadowingCombinations: There are N surfaces which are casting surfaces ,19,19
Warning,Inside surface heat balance convergence problem continues,16,16
Warning,Inside surface heat balance did not converge with Max Temp Difference [C] =N vs ,240,16
Warning,"For object = Coil:Cooling:DX:SingleSpeed, name = ""WAY/N_FN_WHOLE_PSZ_SYS COOLING",12,12
Warning,FixViewFactors: View factors not complete. Check for bad surface descriptions or,32,10
Warning,"ProcessScheduleInput: Schedule:Constant=""X"", Blank Schedule T",10,10
Warning,WaterHeater:Mixed = DHW_HEATER_SUPERTALLBUILDING Heater is cycling on and off mo,9,9
Warning,WaterHeater:Mixed = DHW_HEATER_SUPERTALLBUILDING: Heater is cycling on and off m,9,9
Warning,"SizeWaterCoil: Coil=""X"", Cooling Coil has leaving humi",35,7
Warning,"InitController: Controller:WaterCoil=""X"", Maxim",7,7
Severe,"Temperature (high) out of bounds (N] for zone=""X"", for surface=""",42,6
Warning,Calculated design heating load for zone=WAY/N_FN_CORE is zero.,6,6
Warning,"CalcDoeNDXCoil: Coil:Cooling:DX:SingleSpeed ""RELATION/N_FN_WHOLE_HP_SYS COOLING ",19,6
Warning,"CalcDoeNDXCoil: Coil:Cooling:DX:SingleSpeed=""RELATION/N_FN_WHOLE_HP_SYS COOLING ",19,6
Severe,Temperature (low) out of bounds for zone=WAY/N_FN_WHOLE for surface=BLOCK WAY/N,12,6
Severe,"Temperature (low) out of bounds [N] for zone=""X"", for surface=""",18,6
Severe,Temperature (high) out of bounds for zone=WAY/N_FN_WHOLE for surface=BLOCK WAY/N,42,6
Warning,The design coil load is zero for Coil:Heating:Water RELATION/N_VAV_SYS HEATING C,5,5
Warning,"ProcessScheduleInput: Schedule:Constant=""X"", Blank Schedule Type",10,5
Warning,"ProcessScheduleInput: Schedule:Compact=""X"", Schedule Type Limits N",10,5
Warning,DeterminePolygonOverlap: Too many vertices [>N] detected in an overlap calculati,5,5
Warning,"CalcDoeNDXCoil: Coil:Cooling:DX:SingleSpeed ""X"" - F",8,4
Warning,"CalcDoeNDXCoil: Coil:Cooling:DX:SingleSpeed=""X"" - F",8,4
Warning,"InitController: Controller:WaterCoil=""X"", M",4,4
Warning,"CalcDoeNDXCoil: Coil:Cooling:DX:SingleSpeed ""X"" - A",4,4
Warning,"Plant loop exceeding upper temperature limit, PlantLoop=""X""",4,4
Warning,"CalcDoeNDXCoil: Coil:Cooling:DX:SingleSpeed=""X"" - L",4,4
Warning,GetSurfaceData: InterZone Surface Tilts do not match as expected.,27,3
Warning,"SizeWaterCoil: Coil=""X"", Cooling Coil has leaving humid",18,3
Warning,Refrigeration:Case: REFRIGCASE_LOWTEMPFROZEN,3,3
Warning,Refrigeration:Case: REFRIGCASE_LOWTEMPICECREAMSPECIALTY,3,3
Warning,GetSurfaceData: InterZone Surface Classes do not match as expected.,27,3
Warning,GetSurfaceData: There are N coincident/collinear vertices; These have been delet,3,3
Warning,Refrigeration:Case: REFRIGCASE_MEDIUMTEMPMEAT,3,3
Warning,WaterHeater:Mixed = DHW_HEATER_TALLBUILDING: Heater is cycling on and off more t,2,2
Warning,WaterHeater:Mixed = DHW_HEATER_TALLBUILDING Heater is cycling on and off more th,2,2
Warning,"For object = Coil:Cooling:DX:TwoSpeed, name = ""X""",4,2
Warning,"CalcDoeNDXCoil: Coil:Cooling:DX:SingleSpeed ""RELATION/N_PARTN_FN_WHOLE_PSZ_SYS C",2,2
Warning,"CalcDoeNDXCoil: Coil:Cooling:DX:SingleSpeed=""WAY/N_FN_PERIMN_PSZ_SYS COOLING COI",7,2
Warning,Indicated Zone Volume <= N for Zone=RELATION/N_FN_PERIMN,224,2
Warning,"CalcDoeNDXCoil: Coil:Cooling:DX:SingleSpeed ""WAY/N_FN_PERIMN_PSZ_SYS COOLING COI",7,2
Warning,"CalcDoeNDXCoil: Coil:Cooling:DX:SingleSpeed=""RELATION/N_PARTN_FN_WHOLE_PSZ_SYS C",2,2
Warning,Indicated Zone Volume <= N for Zone=RELATION/N_PARTN_FN_WHOLE,2,2
Warning,"SolveAirLoopControllers: Maximum iterations (N) exceeded for WAY/N_VAV_SYS, WAY/",6,2
Warning,"ProcessScheduleInput: Schedule:Constant=""X"", Blank Sched",2,2
Warning,"SizeWaterCoil: Coil=""X"", Cooling Coil has leaving humidi",3,2
Warning,In calculating the design coil UA for Coil:Cooling:Water WAY/N_FN_CORE COOLING C,2,1
Warning,In calculating the design coil UA for Coil:Cooling:Water WAY/N_FN_PERIMN COOLING,12,1
Warning,In calculating the design coil UA for Coil:Cooling:Water WAY/N_FN_WHOLE COOLING ,3,1
Warning,"For object = Coil:Cooling:DX:SingleSpeed, name = ""WAY/N_FN_CORE_PSZ_SYS COOLING ",1,1
Warning,"InitController: Controller:WaterCoil=""X"",",1,1
Warning,Calculated design heating load for zone=RELATION/N_FN_CORE is zero.,2,1
Warning,"SolveAirLoopControllers: Maximum iterations (N) exceeded for RELATION/N_VAV_SYS,",1,1
Warning,"For object = Coil:Cooling:DX:SingleSpeed, name = ""WAY/N_FN_CORE_HP_SYS COOLING C",1,1
