citing_file,cited_path,resolves,resolved_via,arc,new_since_2026-08-06
docs/docs_ACTIVE/openings/extra/AMENDMENT_register_2026-08-05.md,docs/docs_ACTIVE/openings/INVESTIGATION_open-items-register.md,True,direct,openings,False
docs/docs_ACTIVE/openings/extra/AMENDMENT_register_2026-08-05.md,docs/docs_DONE/BUGS/input-framework/PLAN_input-framework-classification-fixes.md,True,direct,input-framework,False
docs/docs_ACTIVE/openings/extra/AMENDMENT_register_2026-08-05.md,docs/docs_DONE/SETUP/layoutAssigner/DONE/DONE-implementation_plan.md,True,direct,layoutAssigner,False
docs/docs_ACTIVE/openings/extra/AMENDMENT_register_2026-08-05.md,docs/docs_main/docs_step2/PLAN_step-2-classifier-coverage-R3.md,True,direct,docs_main,False
docs/docs_ACTIVE/openings/extra/FIX_open-26-29_polish-and-fatal-tests.md,docs/docs_DONE/SETUP/phaseC_combinedResim/PLAN_coreperim-degenerate-fix.md,True,direct,phaseC_combinedResim,True
docs/docs_ACTIVE/openings/extra/MEASUREMENT_open-01_denominator-factors.md,docs/docs_ACTIVE/openings/implemenation/PLAN_published-numbers.md,True,direct,openings,False
docs/docs_ACTIVE/openings/extra/MEASUREMENT_open-02_eio-disk-budget.md,docs/docs_ACTIVE/openings/implemenation/PLAN_published-numbers.md,True,direct,openings,False
docs/docs_ACTIVE/openings/extra/MEASUREMENT_open-03_loads-vintage-split.md,docs/docs_ACTIVE/openings/INVESTIGATION_open-items-register.md,True,direct,openings,False
docs/docs_ACTIVE/openings/extra/MEASUREMENT_open-03_loads-vintage-split.md,docs/docs_ACTIVE/openings/implemenation/PLAN_published-numbers.md,True,direct,openings,False
docs/docs_ACTIVE/openings/extra/MEASUREMENT_open-03_loads-vintage-split.md,docs/docs_DONE/SETUP/layoutAssigner/DONE/DONE-implementation_plan.md,True,direct,layoutAssigner,False
docs/docs_ACTIVE/openings/extra/MEASUREMENT_open-03_loads-vintage-split.md,docs/docs_DONE/SETUP/layoutAssigner/figures/OpenUBEM_results_LayoutAssigner.md,True,direct,layoutAssigner,False
docs/docs_ACTIVE/openings/extra/MEASUREMENT_open-04_accuracy-drift-bisect.md,docs/docs_ACTIVE/openings/implemenation/PLAN_published-numbers.md,True,direct,openings,False
docs/docs_ACTIVE/openings/extra/MEASUREMENT_open-04_accuracy-drift-bisect.md,docs/docs_DONE/BUGS/input-framework/PLAN_input-framework-classification-fixes.md,True,direct,input-framework,False
docs/docs_ACTIVE/openings/extra/MEASUREMENT_open-04_accuracy-drift-bisect.md,docs/docs_DONE/INPUTS/imputation/docs_Done/PLAN_phaseD_fusion.md,True,direct,imputation,False
docs/docs_ACTIVE/openings/extra/MEASUREMENT_open-04_accuracy-drift-bisect.md,docs/docs_main/docs_step2/PLAN_step-2-classifier-coverage-R3.md,True,direct,docs_main,False
docs/docs_ACTIVE/openings/extra/MEASUREMENT_open-05_defect-id-sweep.md,docs/PROJECT_CHECKLIST.md,True,direct,PROJECT_CHECKLIST.md,False
docs/docs_ACTIVE/openings/extra/MEASUREMENT_open-05_defect-id-sweep.md,docs/docs_ACTIVE/openings/INVESTIGATION_open-items-register.md,True,direct,openings,False
docs/docs_ACTIVE/openings/extra/MEASUREMENT_open-06-07-11_failure-population.md,docs/docs_ACTIVE/openings/implemenation/PLAN_no-compute-queue.md,True,direct,openings,False
docs/docs_ACTIVE/openings/extra/MEASUREMENT_open-06-07-11_failure-population.md,docs/docs_DONE/BUGS/misclassification/PLAN_archetype_threshold_fix_E-R3-3.md,True,direct,misclassification,False
docs/docs_ACTIVE/openings/extra/MEASUREMENT_open-06-07-11_failure-population.md,docs/docs_DONE/LOADS & SCHEDULES/hvac-ServiceLoads/debugs/DONE_10_fails_solution.md,True,direct,hvac-ServiceLoads,False
docs/docs_ACTIVE/openings/extra/MEASUREMENT_open-06-07-11_failure-population.md,docs/docs_DONE/SETUP/layoutAssigner/debug/storey-Matching/PLAN_storey-matching_REMAINder.md,True,direct,layoutAssigner,False
docs/docs_ACTIVE/openings/extra/MEASUREMENT_open-06-07-11_failure-population.md,docs/docs_REPORTS/REPORT_phaseE_final.md,True,direct,docs_REPORTS,False
docs/docs_ACTIVE/openings/extra/MEASUREMENT_open-06-07_simulated-archetype.md,docs/docs_ACTIVE/openings/implemenation/PLAN_no-compute-queue-2.md,True,direct,openings,False
docs/docs_ACTIVE/openings/extra/MEASUREMENT_open-06-07_simulated-archetype.md,docs/docs_VALIDATION/validations/Level 2 DOE round-trip/00.BaselineBuildings_NUs/ASHRAE901_HotelLarge_STD2022_Buffalo.idf,True,direct,docs_VALIDATION,False
docs/docs_ACTIVE/openings/extra/MEASUREMENT_open-06-07_simulated-archetype.md,docs/docs_VALIDATION/validations/Level 2 DOE round-trip/00.BaselineBuildings_NUs/ASHRAE901_HotelSmall_STD2022_Buffalo.idf,True,direct,docs_VALIDATION,False
docs/docs_ACTIVE/openings/extra/MEASUREMENT_open-06-07_simulated-archetype.md,docs/docs_VALIDATION/validations/Level 2 DOE round-trip/00.BaselineBuildings_NUs/ASHRAE901_OfficeSmall_STD2022_Buffalo.idf,True,direct,docs_VALIDATION,False
docs/docs_ACTIVE/openings/extra/MEASUREMENT_open-06-07_simulated-archetype.md,docs/docs_VALIDATION/validations/overAll/results/phaseE/la_urban/04_simulation_manifest.parquet,True,direct,docs_VALIDATION,False
docs/docs_ACTIVE/openings/extra/MEASUREMENT_open-06-07_simulated-archetype.md,docs/docs_VALIDATION/validations/overAll/results/phaseE/la_urban/05_results.gpkg,True,direct,docs_VALIDATION,False
docs/docs_ACTIVE/openings/extra/MEASUREMENT_open-06-07_simulated-archetype.md,docs/docs_VALIDATION/validations/overAll/results/phaseE/la_urban/la_urban_step3_idfs_archive.zip,True,direct,docs_VALIDATION,False
docs/docs_ACTIVE/openings/extra/MEASUREMENT_open-06-07_simulated-archetype.md,docs/docs_VALIDATION/validations/overAll/results/phaseE/nyc_rural/04_simulation_manifest.parquet,True,direct,docs_VALIDATION,False
docs/docs_ACTIVE/openings/extra/MEASUREMENT_open-06-07_simulated-archetype.md,docs/docs_VALIDATION/validations/overAll/results/phaseE/nyc_rural/05_results.gpkg,True,direct,docs_VALIDATION,False
docs/docs_ACTIVE/openings/extra/MEASUREMENT_open-06-07_simulated-archetype.md,docs/docs_VALIDATION/validations/overAll/results/phaseE/nyc_rural/nyc_rural_step3_idfs_archive.zip,True,direct,docs_VALIDATION,False
docs/docs_ACTIVE/openings/extra/MEASUREMENT_open-06_archetype-writer-trace.md,docs/docs_ACTIVE/openings/implemenation/PLAN_no-compute-queue-2.md,True,direct,openings,False
docs/docs_ACTIVE/openings/extra/MEASUREMENT_open-06_archetype-writer-trace.md,docs/docs_DONE/SETUP/layoutAssigner/debug/storey-Matching/PLAN_storey-matching_REMAINder.md,True,direct,layoutAssigner,False
docs/docs_ACTIVE/openings/extra/MEASUREMENT_open-06_column-reproducibility.md,docs/docs_ACTIVE/openings/implemenation/PLAN_no-compute-queue-3.md,True,direct,openings,False
docs/docs_ACTIVE/openings/extra/MEASUREMENT_open-06b_column-reproducibility-fleet.md,docs/docs_ACTIVE/openings/implemenation/PLAN_no-compute-queue-4.md,True,direct,openings,False
docs/docs_ACTIVE/openings/extra/MEASUREMENT_open-10_zonegroup-capability.md,docs/docs_DONE/SETUP/layoutAssigner/debug/storey-Matching/PLAN_storey-matching_REMAINder.md,True,direct,layoutAssigner,False
docs/docs_ACTIVE/openings/extra/MEASUREMENT_open-13-14_utci-forwards.md,docs/PROJECT_CHECKLIST.md,True,direct,PROJECT_CHECKLIST.md,False
docs/docs_ACTIVE/openings/extra/MEASUREMENT_open-13-14_utci-forwards.md,docs/docs_ACTIVE/openings/INVESTIGATION_open-items-register.md,True,direct,openings,False
docs/docs_ACTIVE/openings/extra/MEASUREMENT_open-13-14_utci-forwards.md,docs/docs_ACTIVE/openings/extra/MEASUREMENT_open-05_defect-id-sweep.md,True,direct,openings,False
docs/docs_ACTIVE/openings/extra/MEASUREMENT_open-15-16-17_imputation-decision.md,docs/docs_ACTIVE/openings/INVESTIGATION_open-items-register.md,True,direct,openings,False
docs/docs_ACTIVE/openings/extra/MEASUREMENT_open-15-16-17_imputation-decision.md,docs/docs_DONE/INPUTS/imputation/docs_Done/PLAN_phaseC_ml_imputer.md,True,direct,imputation,False
docs/docs_ACTIVE/openings/extra/MEASUREMENT_open-15-16-17_imputation-decision.md,docs/docs_DONE/INPUTS/imputation/implementation/IMPLEMENTATION_phaseC_ml_imputer.md,True,direct,imputation,False
docs/docs_ACTIVE/openings/extra/MEASUREMENT_open-15-16-17_imputation-decision.md,docs/docs_DONE/INPUTS/imputation/results/phase_C/RESULTS_phaseC.md,True,direct,imputation,False
docs/docs_ACTIVE/openings/extra/MEASUREMENT_open-15-16-17_imputation-decision.md,docs/docs_DONE/INPUTS/imputation/results/phase_E/RESULTS_phaseE.md,True,direct,imputation,False
docs/docs_ACTIVE/openings/extra/MEASUREMENT_open-19_la-standard-basis.md,docs/docs_VALIDATION/step1/overAll/V19_phaseC_rescore.md,True,direct,docs_VALIDATION,False
docs/docs_ACTIVE/openings/extra/MEASUREMENT_open-24-27_june-remnants.md,docs/docs_ACTIVE/openings/implemenation/PLAN_no-compute-queue.md,True,direct,openings,False
docs/docs_ACTIVE/openings/extra/MEASUREMENT_open-24-27_june-remnants.md,docs/docs_INVESTIGATE/INVESTIGATION_steps-1-3-audit.md,True,direct,docs_INVESTIGATE,False
docs/docs_ACTIVE/openings/extra/MEASUREMENT_open-24-27_june-remnants.md,docs/docs_REPORTS/REPORT_phaseE_final.md,True,direct,docs_REPORTS,False
docs/docs_ACTIVE/openings/extra/MEASUREMENT_open-24-27_june-remnants.md,docs/docs_main/docs_step-2-2/DESIGN_step-2-2-enrich-every-classified-building-with-constructions-loads-schedules-and.md,True,direct,docs_main,False
docs/docs_ACTIVE/openings/extra/MEASUREMENT_open-24-27_june-remnants.md,docs/docs_main/docs_step-2-2/PLAN_step-2-2-implementation.md,True,direct,docs_main,False
docs/docs_ACTIVE/openings/extra/MEASUREMENT_open-24-27_june-remnants.md,docs/docs_main/docs_step2/DESIGN_step-2-classify-each-cleaned-osm-building-into-one-of-the-30-openstudio-archetyp.md,True,direct,docs_main,False
docs/docs_ACTIVE/openings/extra/MEASUREMENT_open-24-27_june-remnants.md,docs/docs_main/docs_step2/PLAN_step-2.5-oq7-labelled-fixture.md,True,direct,docs_main,False
docs/docs_ACTIVE/openings/extra/MEASUREMENT_open-28_harvest-generation-join.md,docs/docs_ACTIVE/openings/implemenation/PLAN_published-numbers.md,True,direct,openings,False
docs/docs_ACTIVE/openings/extra/MEASUREMENT_open-28_harvest-generation-join.md,docs/docs_DONE/SETUP/layoutAssigner/figures/OpenUBEM_results_LayoutAssigner.md,True,direct,layoutAssigner,False
docs/docs_ACTIVE/openings/extra/MEASUREMENT_open-29_defect-status-trace.md,docs/PROJECT_CHECKLIST.md,True,direct,PROJECT_CHECKLIST.md,False
docs/docs_ACTIVE/openings/extra/MEASUREMENT_open-29_defect-status-trace.md,docs/docs_ACTIVE/openings/INVESTIGATION_open-items-register.md,True,direct,openings,False
docs/docs_ACTIVE/openings/extra/MEASUREMENT_open-30-01c_vintage-and-code-state.md,docs/docs_ACTIVE/openings/implemenation/PLAN_e02-audit-and-closure.md,True,direct,openings,True
docs/docs_ACTIVE/openings/extra/MEASUREMENT_open-32_adopted-dependency.md,docs/PROJECT_CHECKLIST.md,True,direct,PROJECT_CHECKLIST.md,False
docs/docs_ACTIVE/openings/extra/MEASUREMENT_open-32_adopted-dependency.md,docs/docs_ACTIVE/openings/extra/MEASUREMENT_open-05_defect-id-sweep.md,True,direct,openings,False
docs/docs_ACTIVE/openings/extra/MEASUREMENT_open-32_adopted-dependency.md,docs/docs_DONE/LOADS & SCHEDULES/elevators/PLAN_elevator_loads_implementation.md,True,direct,elevators,False
docs/docs_ACTIVE/openings/extra/MEASUREMENT_open-32_adopted-dependency.md,docs/docs_DONE/SETUP/layoutAssigner/figures/OpenUBEM_results_LayoutAssigner.md,True,direct,layoutAssigner,False
docs/docs_ACTIVE/openings/extra/MEASUREMENT_open-32_adopted-dependency.md,docs/docs_EXPLANATION/OpenUBEM_fundamentals.md,True,direct,docs_EXPLANATION,False
docs/docs_ACTIVE/openings/extra/MEASUREMENT_open-32_adopted-dependency.md,docs/docs_EXPLANATION/OpenUBEM_graphic_summary_prompt_styles.md,True,direct,docs_EXPLANATION,False
docs/docs_ACTIVE/openings/extra/MEASUREMENT_open-32_adopted-dependency.md,docs/docs_EXPLANATION/Results/OpenUBEM_results_Resolution.md,True,direct,docs_EXPLANATION,False
docs/docs_ACTIVE/openings/extra/MEASUREMENT_open-32_adopted-dependency.md,docs/docs_RESULTS/OpenUBEM_results_Resolution/csv/t08_all_modes_eui.csv,True,direct,docs_RESULTS,False
docs/docs_ACTIVE/openings/extra/MEASUREMENT_open-33_archiving-rule-and-resweep.md,docs/PROJECT_CHECKLIST.md,True,direct,PROJECT_CHECKLIST.md,True
docs/docs_ACTIVE/openings/extra/MEASUREMENT_open-33_archiving-rule-and-resweep.md,docs/docs_ACTIVE/openings/extra/FIX_open-13_utci-forwards.md,False,none,openings,True
docs/docs_ACTIVE/openings/extra/MEASUREMENT_open-33_archiving-rule-and-resweep.md,docs/docs_ACTIVE/openings/extra/FIX_open-26-29_polish-and-fatal-tests.md,True,direct,openings,True
docs/docs_ACTIVE/openings/extra/MEASUREMENT_open-33_archiving-rule-and-resweep.md,docs/docs_ACTIVE/openings/implemenation/PLAN_five-item-sweep-2026-08-12.md,True,direct,openings,True
docs/docs_ACTIVE/openings/extra/MEASUREMENT_open-34_subset-archetype-fidelity.md,docs/docs_ACTIVE/openings/implemenation/PLAN_no-compute-queue.md,True,direct,openings,False
docs/docs_ACTIVE/openings/extra/MEASUREMENT_open-35-12_missing-input-census.md,docs/docs_ACTIVE/openings/implemenation/PLAN_no-compute-queue-2.md,True,direct,openings,False
docs/docs_ACTIVE/openings/extra/MEASUREMENT_open-36_completion-record-sweep.md,docs/docs_DONE/INPUTS/imputation/implementation/IMPLEMENTATION_phaseC_ml_imputer.md,True,direct,imputation,False
docs/docs_ACTIVE/openings/extra/MEASUREMENT_open-39-40_cluster-records.md,docs/docs_ACTIVE/openings/implemenation/PLAN_e02-audit-and-closure.md,True,direct,openings,True
docs/docs_ACTIVE/openings/extra/MEASUREMENT_open-41-38_failure-causes.md,docs/docs_ACTIVE/openings/implemenation/PLAN_e02-audit-and-closure.md,True,direct,openings,True
docs/docs_ACTIVE/openings/extra/MEASUREMENT_open-42_placeholder-and-fleet-impact.md,docs/docs_ACTIVE/openings/implemenation/PLAN_five-item-sweep-2026-08-12.md,True,direct,openings,True
docs/docs_ACTIVE/openings/extra/SCOPING_five-mode-rerun-cost.md,docs/docs_ACTIVE/openings/extra/MEASUREMENT_open-02_eio-disk-budget.md,True,direct,openings,False
docs/docs_ACTIVE/openings/extra/SCOPING_five-mode-rerun-cost.md,docs/docs_ACTIVE/openings/implemenation/PLAN_compute-queue.md,True,direct,openings,True
docs/docs_ACTIVE/openings/implemenation/PLAN_compute-queue.md,docs/docs_ACTIVE/openings/INVESTIGATION_open-items-register.md,True,direct,openings,True
docs/docs_ACTIVE/openings/implemenation/PLAN_compute-queue.md,docs/docs_ACTIVE/openings/extra/MEASUREMENT_open-09_cosmetic-accuracy-test.md,True,direct,openings,True
docs/docs_ACTIVE/openings/implemenation/PLAN_compute-queue.md,docs/docs_ACTIVE/openings/extra/MEASUREMENT_open-10_band-expressibility-fleet.md,True,direct,openings,True
docs/docs_ACTIVE/openings/implemenation/PLAN_compute-queue.md,docs/docs_ACTIVE/openings/extra/SCOPING_five-mode-rerun-cost.md,True,direct,openings,True
docs/docs_ACTIVE/openings/implemenation/PLAN_compute-queue.md,docs/docs_ACTIVE/openings/extra/c06_open09_converged_vs_nonconverged_eui_delta.png,True,direct,openings,True
docs/docs_ACTIVE/openings/implemenation/PLAN_compute-queue.md,docs/docs_DONE/SETUP/layoutAssigner/debug/storey-Matching/results/c01_regression_results.csv,True,direct,layoutAssigner,True
docs/docs_ACTIVE/openings/implemenation/PLAN_e02-audit-and-closure.md,docs/PROJECT_CHECKLIST.md,True,direct,PROJECT_CHECKLIST.md,True
docs/docs_ACTIVE/openings/implemenation/PLAN_e02-audit-and-closure.md,docs/docs_ACTIVE/openings/INVESTIGATION_open-items-register.md,True,direct,openings,True
docs/docs_ACTIVE/openings/implemenation/PLAN_e02-audit-and-closure.md,docs/docs_ACTIVE/openings/extra/MEASUREMENT_open-01_denominator-audit-e02.md,True,direct,openings,True
docs/docs_ACTIVE/openings/implemenation/PLAN_e02-audit-and-closure.md,docs/docs_ACTIVE/openings/extra/MEASUREMENT_open-30-01c_vintage-and-code-state.md,True,direct,openings,True
docs/docs_ACTIVE/openings/implemenation/PLAN_e02-audit-and-closure.md,docs/docs_ACTIVE/openings/extra/MEASUREMENT_open-39-40_cluster-records.md,True,direct,openings,True
docs/docs_ACTIVE/openings/implemenation/PLAN_e02-audit-and-closure.md,docs/docs_ACTIVE/openings/extra/MEASUREMENT_open-41-38_failure-causes.md,True,direct,openings,True
docs/docs_ACTIVE/openings/implemenation/PLAN_e02-audit-and-closure.md,docs/docs_ACTIVE/openings/implemenation/board_published-numbers.html,True,direct,openings,True
docs/docs_ACTIVE/openings/implemenation/PLAN_e02-audit-and-closure.md,docs/docs_ACTIVE/openings/prompts/DIRECTOR_PROMPT_openings_2026-08-11.md,True,direct,openings,True
docs/docs_ACTIVE/openings/implemenation/PLAN_five-item-sweep-2026-08-12.md,docs/PROJECT_CHECKLIST.md,True,direct,PROJECT_CHECKLIST.md,True
docs/docs_ACTIVE/openings/implemenation/PLAN_five-item-sweep-2026-08-12.md,docs/docs_ACTIVE/openings/INVESTIGATION_open-items-register.md,True,direct,openings,True
docs/docs_ACTIVE/openings/implemenation/PLAN_five-item-sweep-2026-08-12.md,docs/docs_ACTIVE/openings/extra/FIX_open-13_utci-forwards.md,False,none,openings,True
docs/docs_ACTIVE/openings/implemenation/PLAN_five-item-sweep-2026-08-12.md,docs/docs_ACTIVE/openings/extra/FIX_open-26-29_polish-and-fatal-tests.md,True,direct,openings,True
docs/docs_ACTIVE/openings/implemenation/PLAN_five-item-sweep-2026-08-12.md,docs/docs_ACTIVE/openings/extra/MEASUREMENT_open-33_archiving-rule-and-resweep.md,True,direct,openings,True
docs/docs_ACTIVE/openings/implemenation/PLAN_five-item-sweep-2026-08-12.md,docs/docs_ACTIVE/openings/extra/MEASUREMENT_open-42_placeholder-and-fleet-impact.md,True,direct,openings,True
docs/docs_ACTIVE/openings/implemenation/PLAN_five-item-sweep-2026-08-12.md,docs/docs_DONE/SETUP/layoutAssigner/debug/storey-Matching/scripts/t19_harvest_layout_assign.py,True,direct,layoutAssigner,True
docs/docs_ACTIVE/openings/implemenation/PLAN_five-item-sweep-2026-08-12.md,docs/docs_REPORTS/REPORT_phaseE_final.md,True,direct,docs_REPORTS,True
docs/docs_ACTIVE/openings/implemenation/PLAN_no-compute-queue-2.md,docs/PROJECT_CHECKLIST.md,True,direct,PROJECT_CHECKLIST.md,False
docs/docs_ACTIVE/openings/implemenation/PLAN_no-compute-queue-2.md,docs/docs_ACTIVE/openings/INVESTIGATION_open-items-register.md,True,direct,openings,False
docs/docs_ACTIVE/openings/implemenation/PLAN_no-compute-queue-2.md,docs/docs_ACTIVE/openings/extra/MEASUREMENT_open-06-07_simulated-archetype.md,True,direct,openings,False
docs/docs_ACTIVE/openings/implemenation/PLAN_no-compute-queue-2.md,docs/docs_ACTIVE/openings/extra/MEASUREMENT_open-06_archetype-writer-trace.md,True,direct,openings,False
docs/docs_ACTIVE/openings/implemenation/PLAN_no-compute-queue-2.md,docs/docs_ACTIVE/openings/extra/MEASUREMENT_open-10_zonegroup-capability.md,True,direct,openings,False
docs/docs_ACTIVE/openings/implemenation/PLAN_no-compute-queue-2.md,docs/docs_ACTIVE/openings/extra/MEASUREMENT_open-13-14_utci-forwards.md,True,direct,openings,False
docs/docs_ACTIVE/openings/implemenation/PLAN_no-compute-queue-2.md,docs/docs_ACTIVE/openings/extra/MEASUREMENT_open-15-16-17_imputation-decision.md,True,direct,openings,False
docs/docs_ACTIVE/openings/implemenation/PLAN_no-compute-queue-2.md,docs/docs_ACTIVE/openings/extra/MEASUREMENT_open-19_la-standard-basis.md,True,direct,openings,False
docs/docs_ACTIVE/openings/implemenation/PLAN_no-compute-queue-2.md,docs/docs_ACTIVE/openings/extra/MEASUREMENT_open-35-12_missing-input-census.md,True,direct,openings,False
docs/docs_ACTIVE/openings/implemenation/PLAN_no-compute-queue-2.md,docs/docs_DONE/INPUTS/imputation/docs_Done/PLAN_phaseC_ml_imputer.md,True,direct,imputation,False
docs/docs_ACTIVE/openings/implemenation/PLAN_no-compute-queue-2.md,docs/docs_DONE/INPUTS/imputation/implementation/IMPLEMENTATION_phaseC_ml_imputer.md,True,direct,imputation,False
docs/docs_ACTIVE/openings/implemenation/PLAN_no-compute-queue-2.md,docs/docs_DONE/INPUTS/imputation/results/phase_C/RESULTS_phaseC.md,True,direct,imputation,False
docs/docs_ACTIVE/openings/implemenation/PLAN_no-compute-queue-2.md,docs/docs_DONE/SETUP/layoutAssigner/debug/storey-Matching/PLAN_storey-matching_REMAINder.md,True,direct,layoutAssigner,False
docs/docs_ACTIVE/openings/implemenation/PLAN_no-compute-queue-3.md,docs/docs_ACTIVE/openings/INVESTIGATION_open-items-register.md,True,direct,openings,False
docs/docs_ACTIVE/openings/implemenation/PLAN_no-compute-queue-3.md,docs/docs_ACTIVE/openings/extra/MEASUREMENT_open-06_column-reproducibility.md,True,direct,openings,False
docs/docs_ACTIVE/openings/implemenation/PLAN_no-compute-queue-3.md,docs/docs_ACTIVE/openings/extra/MEASUREMENT_open-12-14_backfill-consumption.md,True,direct,openings,False
docs/docs_ACTIVE/openings/implemenation/PLAN_no-compute-queue-3.md,docs/docs_ACTIVE/openings/extra/MEASUREMENT_open-36_completion-record-sweep.md,True,direct,openings,False
docs/docs_ACTIVE/openings/implemenation/PLAN_no-compute-queue-4.md,docs/docs_ACTIVE/openings/INVESTIGATION_open-items-register.md,True,direct,openings,False
docs/docs_ACTIVE/openings/implemenation/PLAN_no-compute-queue-4.md,docs/docs_ACTIVE/openings/extra/MEASUREMENT_open-06b_column-reproducibility-fleet.md,True,direct,openings,False
docs/docs_ACTIVE/openings/implemenation/PLAN_no-compute-queue.md,docs/docs_ACTIVE/openings/INVESTIGATION_open-items-register.md,True,direct,openings,False
docs/docs_ACTIVE/openings/implemenation/PLAN_no-compute-queue.md,docs/docs_ACTIVE/openings/extra/MEASUREMENT_open-05_defect-id-sweep.md,True,direct,openings,False
docs/docs_ACTIVE/openings/implemenation/PLAN_no-compute-queue.md,docs/docs_ACTIVE/openings/extra/MEASUREMENT_open-06-07-11_failure-population.md,True,direct,openings,False
docs/docs_ACTIVE/openings/implemenation/PLAN_no-compute-queue.md,docs/docs_ACTIVE/openings/extra/MEASUREMENT_open-22_fixture-rule-breakdown.md,True,direct,openings,False
docs/docs_ACTIVE/openings/implemenation/PLAN_no-compute-queue.md,docs/docs_ACTIVE/openings/extra/MEASUREMENT_open-24-27_june-remnants.md,True,direct,openings,False
docs/docs_ACTIVE/openings/implemenation/PLAN_no-compute-queue.md,docs/docs_ACTIVE/openings/extra/MEASUREMENT_open-29_defect-status-trace.md,True,direct,openings,False
docs/docs_ACTIVE/openings/implemenation/PLAN_no-compute-queue.md,docs/docs_ACTIVE/openings/extra/MEASUREMENT_open-34_subset-archetype-fidelity.md,True,direct,openings,False
docs/docs_ACTIVE/openings/implemenation/PLAN_no-compute-queue.md,docs/docs_DONE/BUGS/misclassification/PLAN_archetype_threshold_fix_E-R3-3.md,True,direct,misclassification,False
docs/docs_ACTIVE/openings/implemenation/PLAN_no-compute-queue.md,docs/docs_INVESTIGATE/INVESTIGATION_steps-1-3-audit.md,True,direct,docs_INVESTIGATE,False
docs/docs_ACTIVE/openings/implemenation/PLAN_no-compute-queue.md,docs/docs_REPORTS/REPORT_phaseE_final.md,True,direct,docs_REPORTS,False
docs/docs_ACTIVE/openings/implemenation/PLAN_no-compute-queue.md,docs/docs_VALIDATION/validations/overAll/results/phaseE/nyc_centre/05_results.gpkg,True,direct,docs_VALIDATION,False
docs/docs_ACTIVE/openings/implemenation/PLAN_no-compute-queue.md,docs/docs_main/docs_step2/DESIGN_step-2-classify-each-cleaned-osm-building-into-one-of-the-30-openstudio-archetyp.md,True,direct,docs_main,False
docs/docs_ACTIVE/openings/implemenation/PLAN_no-compute-queue.md,docs/docs_main/docs_step2/PLAN_step-2.5-oq7-labelled-fixture.md,True,direct,docs_main,False
docs/docs_ACTIVE/openings/implemenation/PLAN_published-numbers.md,docs/PROJECT_CHECKLIST.md,True,direct,PROJECT_CHECKLIST.md,False
docs/docs_ACTIVE/openings/implemenation/PLAN_published-numbers.md,docs/docs_ACTIVE/openings/INVESTIGATION_open-items-register.md,True,direct,openings,False
docs/docs_ACTIVE/openings/implemenation/PLAN_published-numbers.md,docs/docs_ACTIVE/openings/extra/MEASUREMENT_open-01_denominator-factors.md,True,direct,openings,False
docs/docs_ACTIVE/openings/implemenation/PLAN_published-numbers.md,docs/docs_ACTIVE/openings/extra/MEASUREMENT_open-02_eio-disk-budget.md,True,direct,openings,False
docs/docs_ACTIVE/openings/implemenation/PLAN_published-numbers.md,docs/docs_ACTIVE/openings/extra/MEASUREMENT_open-03_loads-vintage-split.md,True,direct,openings,False
docs/docs_ACTIVE/openings/implemenation/PLAN_published-numbers.md,docs/docs_ACTIVE/openings/extra/MEASUREMENT_open-04_accuracy-drift-bisect.md,True,direct,openings,False
docs/docs_ACTIVE/openings/implemenation/PLAN_published-numbers.md,docs/docs_ACTIVE/openings/extra/MEASUREMENT_open-28_harvest-generation-join.md,True,direct,openings,False
docs/docs_ACTIVE/openings/implemenation/PLAN_published-numbers.md,docs/docs_ACTIVE/openings/extra/MEASUREMENT_open-32_adopted-dependency.md,True,direct,openings,False
docs/docs_ACTIVE/openings/implemenation/PLAN_published-numbers.md,docs/docs_DONE/INPUTS/imputation/docs_Done/PLAN_phaseD_fusion.md,True,direct,imputation,False
docs/docs_ACTIVE/openings/implemenation/PLAN_published-numbers.md,docs/docs_DONE/SETUP/layoutAssigner/DONE/DONE-implementation_plan.md,True,direct,layoutAssigner,False
docs/docs_ACTIVE/openings/implemenation/PLAN_published-numbers.md,docs/docs_DONE/SETUP/layoutAssigner/figures/OpenUBEM_results_LayoutAssigner.md,True,direct,layoutAssigner,False
docs/docs_ACTIVE/openings/implemenation/PLAN_published-numbers.md,docs/docs_REPORTS/REPORT_phaseE_final.md,True,direct,docs_REPORTS,False
docs/docs_ACTIVE/openings/implemenation/PLAN_speed-resume.md,docs/docs_ACTIVE/openings/INVESTIGATION_open-items-register.md,True,direct,openings,True
docs/docs_ACTIVE/openings/implemenation/PLAN_speed-resume.md,docs/docs_ACTIVE/openings/extra/MEASUREMENT_speed-probe-cost.md,True,direct,openings,True
docs/docs_ACTIVE/openings/implemenation/PLAN_speed-resume.md,docs/docs_ACTIVE/openings/extra/r05_probe_all_buildings.csv,True,direct,openings,True
docs/docs_ACTIVE/openings/implemenation/PLAN_speed-resume.md,docs/docs_ACTIVE/openings/extra/r05_sacct_raw.txt,True,direct,openings,True
docs/docs_ACTIVE/openings/implemenation/PLAN_speed-resume.md,docs/docs_DONE/SETUP/layoutAssigner/debug/storey-Matching/scripts/t19_harvest_layout_assign.py,True,direct,layoutAssigner,True
docs/docs_ACTIVE/openings/INVESTIGATION_open-items-register.md,docs/PROJECT_CHECKLIST.md,True,direct,PROJECT_CHECKLIST.md,False
docs/docs_ACTIVE/openings/INVESTIGATION_open-items-register.md,docs/docs_ACTIVE/openings/extra/MEASUREMENT_open-01_denominator-factors.md,True,direct,openings,False
docs/docs_ACTIVE/openings/INVESTIGATION_open-items-register.md,docs/docs_ACTIVE/openings/extra/MEASUREMENT_open-02_eio-disk-budget.md,True,direct,openings,False
docs/docs_ACTIVE/openings/INVESTIGATION_open-items-register.md,docs/docs_ACTIVE/openings/extra/MEASUREMENT_open-03_loads-vintage-split.md,True,direct,openings,False
docs/docs_ACTIVE/openings/INVESTIGATION_open-items-register.md,docs/docs_ACTIVE/openings/extra/MEASUREMENT_open-04_accuracy-drift-bisect.md,True,direct,openings,False
docs/docs_ACTIVE/openings/INVESTIGATION_open-items-register.md,docs/docs_ACTIVE/openings/extra/MEASUREMENT_open-05_defect-id-sweep.md,True,direct,openings,False
docs/docs_ACTIVE/openings/INVESTIGATION_open-items-register.md,docs/docs_ACTIVE/openings/extra/MEASUREMENT_open-28_harvest-generation-join.md,True,direct,openings,False
docs/docs_ACTIVE/openings/INVESTIGATION_open-items-register.md,docs/docs_DONE/BUGS/input-framework/PLAN_input-framework-classification-fixes.md,True,direct,input-framework,False
docs/docs_ACTIVE/openings/INVESTIGATION_open-items-register.md,docs/docs_DONE/SETUP/layoutAssigner/DONE/DONE-implementation_plan.md,True,direct,layoutAssigner,False
docs/docs_ACTIVE/openings/INVESTIGATION_open-items-register.md,docs/docs_DONE/SETUP/layoutAssigner/debug/storey-Matching/scripts/t19_harvest_layout_assign.py,True,direct,layoutAssigner,True
docs/docs_ACTIVE/openings/INVESTIGATION_open-items-register.md,docs/docs_REPORTS/REPORT_phaseE_final.md,True,direct,docs_REPORTS,False
docs/docs_ACTIVE/openings/INVESTIGATION_open-items-register.md,docs/docs_TODO/mixed_use_classification.md,True,direct,mixed_use_classification.md,False
docs/docs_ACTIVE/openings/INVESTIGATION_open-items-register.md,docs/docs_VALIDATION/step1/overAll/V19_phaseC_rescore.md,True,direct,docs_VALIDATION,False
docs/docs_ACTIVE/openings/INVESTIGATION_open-items-register.md,docs/docs_VALIDATION/validations/overAll/results/phaseE/nyc_centre/05_results.gpkg,True,direct,docs_VALIDATION,False
docs/docs_ACTIVE/openings/INVESTIGATION_open-items-register.md,docs/docs_main/docs_step2/DESIGN_step-2-classify-each-cleaned-osm-building-into-one-of-the-30-openstudio-archetyp.md,True,direct,docs_main,False
docs/docs_ACTIVE/openings/INVESTIGATION_open-items-register.md,docs/docs_main/docs_step2/PLAN_step-2-classifier-coverage-R3.md,True,direct,docs_main,False
docs/docs_ACTIVE/openings/prompts/DIRECTOR_PROMPT_openings_2026-08-11.md,docs/PROJECT_CHECKLIST.md,True,direct,PROJECT_CHECKLIST.md,True
docs/docs_ACTIVE/openings/prompts/DIRECTOR_PROMPT_openings_2026-08-11.md,docs/docs_ACTIVE/openings/INVESTIGATION_open-items-register.md,True,direct,openings,True
docs/docs_ACTIVE/openings/prompts/DIRECTOR_PROMPT_openings_2026-08-11.md,docs/docs_ACTIVE/openings/implemenation/board_published-numbers.html,True,direct,openings,True
docs/docs_ACTIVE/openings/prompts/DIRECTOR_PROMPT_openings_2026-08-11.md,docs/docs_DONE/SETUP/layoutAssigner/DONE/DONE-implementation_plan.md,True,direct,layoutAssigner,True
docs/docs_ACTIVE/openings/prompts/DIRECTOR_PROMPT_openings_2026-08-11.md,docs/docs_TODO/mixed_use_classification.md,True,direct,mixed_use_classification.md,True
docs/docs_ACTIVE/openings/prompts/previous/DIRECTOR_PROMPT_openings_2026-08-04.md,docs/PROJECT_CHECKLIST.md,True,direct,PROJECT_CHECKLIST.md,False
docs/docs_ACTIVE/openings/prompts/previous/DIRECTOR_PROMPT_openings_2026-08-04.md,docs/docs_ACTIVE/openings/INVESTIGATION_open-items-register.md,True,direct,openings,False
docs/docs_ACTIVE/openings/prompts/previous/DIRECTOR_PROMPT_openings_2026-08-05.md,docs/PROJECT_CHECKLIST.md,True,direct,PROJECT_CHECKLIST.md,False
docs/docs_ACTIVE/openings/prompts/previous/DIRECTOR_PROMPT_openings_2026-08-05.md,docs/docs_ACTIVE/openings/INVESTIGATION_open-items-register.md,True,direct,openings,False
docs/docs_ACTIVE/openings/prompts/previous/DIRECTOR_PROMPT_openings_2026-08-05.md,docs/docs_ACTIVE/openings/extra/MEASUREMENT_open-05_defect-id-sweep.md,True,direct,openings,False
docs/docs_ACTIVE/openings/prompts/previous/DIRECTOR_PROMPT_openings_2026-08-05.md,docs/docs_INVESTIGATE/INVESTIGATION_steps-1-3-audit.md,True,direct,docs_INVESTIGATE,False
docs/docs_ACTIVE/openings/prompts/previous/DIRECTOR_PROMPT_openings_2026-08-05.md,docs/docs_TODO/mixed_use_classification.md,True,direct,mixed_use_classification.md,False
docs/docs_ACTIVE/openings/prompts/previous/DIRECTOR_PROMPT_openings_2026-08-06.md,docs/PROJECT_CHECKLIST.md,True,direct,PROJECT_CHECKLIST.md,True
docs/docs_ACTIVE/openings/prompts/previous/DIRECTOR_PROMPT_openings_2026-08-06.md,docs/docs_ACTIVE/openings/INVESTIGATION_open-items-register.md,True,direct,openings,True
docs/docs_ACTIVE/openings/prompts/previous/DIRECTOR_PROMPT_openings_2026-08-06.md,docs/docs_ACTIVE/openings/implemenation/PLAN_published-numbers.md,True,direct,openings,True
docs/docs_ACTIVE/openings/prompts/previous/DIRECTOR_PROMPT_openings_2026-08-06.md,docs/docs_ACTIVE/openings/implemenation/board_published-numbers.html,True,direct,openings,True
docs/docs_ACTIVE/openings/prompts/previous/DIRECTOR_PROMPT_openings_2026-08-06.md,docs/docs_DONE/SETUP/layoutAssigner/DONE/DONE-implementation_plan.md,True,direct,layoutAssigner,True
docs/docs_ACTIVE/openings/prompts/previous/DIRECTOR_PROMPT_openings_2026-08-06.md,docs/docs_REPORTS/REPORT_phaseE_final.md,True,direct,docs_REPORTS,True
docs/docs_ACTIVE/openings/prompts/previous/DIRECTOR_PROMPT_openings_2026-08-06.md,docs/docs_TODO/mixed_use_classification.md,True,direct,mixed_use_classification.md,True
docs/docs_ACTIVE/openings/prompts/previous/DIRECTOR_PROMPT_openings_2026-08-10.md,docs/PROJECT_CHECKLIST.md,True,direct,PROJECT_CHECKLIST.md,True
docs/docs_ACTIVE/openings/prompts/previous/DIRECTOR_PROMPT_openings_2026-08-10.md,docs/docs_ACTIVE/openings/INVESTIGATION_open-items-register.md,True,direct,openings,True
docs/docs_ACTIVE/openings/prompts/previous/DIRECTOR_PROMPT_openings_2026-08-10.md,docs/docs_ACTIVE/openings/implemenation/board_published-numbers.html,True,direct,openings,True
docs/docs_ACTIVE/openings/prompts/previous/DIRECTOR_PROMPT_openings_2026-08-10.md,docs/docs_DONE/SETUP/layoutAssigner/DONE/DONE-implementation_plan.md,True,direct,layoutAssigner,True
docs/docs_ACTIVE/openings/prompts/previous/DIRECTOR_PROMPT_openings_2026-08-10.md,docs/docs_TODO/mixed_use_classification.md,True,direct,mixed_use_classification.md,True
docs/docs_EXPLANATION/OpenUBEM_fundamentals.md,docs/PROJECT_CHECKLIST.md,True,direct,PROJECT_CHECKLIST.md,False
docs/docs_EXPLANATION/OpenUBEM_fundamentals.md,docs/docs_DONE/SETUP/Simulation_Resolution/resolution_sets/PLAN_resolution_mode_switch.md,True,direct,Simulation_Resolution,False
docs/docs_EXPLANATION/OpenUBEM_fundamentals.md,docs/docs_DONE/SETUP/layoutAssigner/figures/OpenUBEM_results_LayoutAssigner.md,True,direct,layoutAssigner,False
docs/docs_EXPLANATION/OpenUBEM_fundamentals.md,docs/docs_DONE/VISUALS/3D-visualization/PLAN_3dviz_implementation.md,True,direct,3D-visualization,False
docs/docs_EXPLANATION/OpenUBEM_fundamentals.md,docs/docs_EXPLANATION/simulated_vs_reconstructed_methodology.md,True,direct,docs_EXPLANATION,False
docs/docs_EXPLANATION/OpenUBEM_graphic_summary_prompt_styles.md,docs/docs_DONE/SETUP/layoutAssigner/DONE/DONE-implementation_plan.md,True,direct,layoutAssigner,False
docs/docs_EXPLANATION/OpenUBEM_graphic_summary_prompt_styles.md,docs/docs_EXPLANATION/OpenUBEM_fundamentals.md,True,direct,docs_EXPLANATION,False
docs/docs_EXPLANATION/OpenUBEM_imputation_methods.md,docs/PROJECT_CHECKLIST.md,True,direct,PROJECT_CHECKLIST.md,False
docs/docs_EXPLANATION/OpenUBEM_imputation_methods.md,docs/docs_DONE/INPUTS/imputation/docs_Done/PLAN_figures_implementation.md,True,direct,imputation,False
docs/docs_EXPLANATION/OpenUBEM_imputation_methods.md,docs/docs_DONE/INPUTS/imputation/results/phase_B/phaseB_scatter_year_built.png,True,direct,imputation,False
docs/docs_EXPLANATION/OpenUBEM_imputation_methods.md,docs/docs_DONE/OUTDOOR/UTCI/implementation/sub-plans/DONE-PLAN_e-utci-09_height_backfill.md,True,direct,UTCI,False
docs/docs_EXPLANATION/OpenUBEM_inputs_reference.md,docs/PROJECT_CHECKLIST.md,True,direct,PROJECT_CHECKLIST.md,False
docs/docs_EXPLANATION/OpenUBEM_inputs_reference.md,docs/docs_DONE/BUGS/input-framework/deepResearch/RESULT_I01_osm_tag_to_use_class_mapping.md,True,direct,input-framework,False
docs/docs_EXPLANATION/OpenUBEM_inputs_reference.md,docs/docs_DONE/BUGS/input-framework/deepResearch/RESULT_I02_archetype_classification_cascade.md,True,direct,input-framework,False
docs/docs_EXPLANATION/OpenUBEM_inputs_reference.md,docs/docs_DONE/BUGS/input-framework/deepResearch/RESULT_I03_cbecs_pba_crosswalk_validation.md,True,direct,input-framework,False
docs/docs_EXPLANATION/OpenUBEM_inputs_reference.md,docs/docs_DONE/hvac-ServiceLoads/REPORT_phaseE_final.md,True,filename(ambiguous:2),docs_REPORTS,False
docs/docs_EXPLANATION/OpenUBEM_inputs_reference.md,docs/docs_DONE/scheduleDigitization/PROVENANCE.md,True,filename,scheduleDigitization,False
docs/docs_EXPLANATION/OpenUBEM_inputs_reference.md,docs/docs_DONE/serviceLoads/SERVICE_LOADS_coefficients.md,True,filename,serviceLoads,False
docs/docs_EXPLANATION/OpenUBEM_inputs_reference.md,docs/docs_EXPLANATION/OpenUBEM_fundamentals.md,True,direct,docs_EXPLANATION,False
docs/docs_EXPLANATION/OpenUBEM_inputs_reference.md,docs/docs_EXPLANATION/simulated_vs_reconstructed_methodology.md,True,direct,docs_EXPLANATION,False
docs/docs_EXPLANATION/OpenUBEM_inputs_reference.md,docs/docs_main/DESIGN_openubem-open-source-urban-building-energy-modeling-platform-design-the-full-sys.md,True,direct,docs_main,False
docs/docs_EXPLANATION/OpenUBEM_outdoor_analysis_reference.md,docs/docs_DONE/OUTDOOR/UTCI/implementation/PLAN_utci_microclimate_implementation.md,True,direct,UTCI,False
docs/docs_EXPLANATION/OpenUBEM_outdoor_analysis_reference.md,docs/docs_DONE/OUTDOOR/UTCI/implementation/README.md,True,direct,UTCI,False
docs/docs_EXPLANATION/OpenUBEM_outdoor_analysis_reference.md,docs/docs_DONE/OUTDOOR/UTCI/implementation/sub-plans/DONE-PLAN_e-utci-09_height_backfill.md,True,direct,UTCI,False
docs/docs_EXPLANATION/OpenUBEM_outdoor_analysis_reference.md,docs/docs_EXPLANATION/OpenUBEM_imputation_methods.md,True,direct,docs_EXPLANATION,False
docs/docs_EXPLANATION/Results/OpenUBEM_results_archetypeClassification.md,docs/PROJECT_CHECKLIST.md,True,direct,PROJECT_CHECKLIST.md,False
docs/docs_EXPLANATION/Results/OpenUBEM_results_archetypeClassification.md,docs/docs_DONE/BUGS/input-framework/PLAN_input-framework-classification-fixes.md,True,direct,input-framework,False
docs/docs_EXPLANATION/Results/OpenUBEM_results_archetypeClassification.md,docs/docs_DONE/BUGS/input-framework/deepResearch/RESULT_I01_osm_tag_to_use_class_mapping.md,True,direct,input-framework,False
docs/docs_EXPLANATION/Results/OpenUBEM_results_archetypeClassification.md,docs/docs_DONE/BUGS/input-framework/deepResearch/RESULT_I02_archetype_classification_cascade.md,True,direct,input-framework,False
docs/docs_EXPLANATION/Results/OpenUBEM_results_archetypeClassification.md,docs/docs_DONE/BUGS/misclassification/PLAN_archetype_threshold_fix_E-R3-3.md,True,direct,misclassification,False
docs/docs_EXPLANATION/Results/OpenUBEM_results_archetypeClassification.md,docs/docs_DONE/hvac-ServiceLoads/REPORT_phaseE_final.md,True,filename(ambiguous:2),docs_REPORTS,False
docs/docs_EXPLANATION/Results/OpenUBEM_results_archetypeClassification.md,docs/docs_EXPLANATION/OpenUBEM_fundamentals.md,True,direct,docs_EXPLANATION,False
docs/docs_EXPLANATION/Results/OpenUBEM_results_hvacServiceLoads.md,docs/PROJECT_CHECKLIST.md,True,direct,PROJECT_CHECKLIST.md,False
docs/docs_EXPLANATION/Results/OpenUBEM_results_hvacServiceLoads.md,docs/docs_DONE/hvac-ServiceLoads/REPORT_phaseE_final.md,True,filename(ambiguous:2),docs_REPORTS,False
docs/docs_EXPLANATION/Results/OpenUBEM_results_hvacServiceLoads.md,docs/docs_EXPLANATION/OpenUBEM_fundamentals.md,True,direct,docs_EXPLANATION,False
docs/docs_EXPLANATION/Results/OpenUBEM_results_hvacServiceLoads.md,docs/docs_EXPLANATION/OpenUBEM_results_Resolution.md,True,filename,docs_EXPLANATION,False
docs/docs_EXPLANATION/Results/OpenUBEM_results_hvacServiceLoads.md,docs/docs_EXPLANATION/simulated_vs_reconstructed_methodology.md,True,direct,docs_EXPLANATION,False
docs/docs_EXPLANATION/Results/OpenUBEM_results_Resolution.md,docs/PROJECT_CHECKLIST.md,True,direct,PROJECT_CHECKLIST.md,False
docs/docs_EXPLANATION/Results/OpenUBEM_results_Resolution.md,docs/docs_ACTIVE/openings/INVESTIGATION_open-items-register.md,True,direct,openings,False
docs/docs_EXPLANATION/Results/OpenUBEM_results_Resolution.md,docs/docs_DONE/SETUP/Simulation_Resolution/resolution_sets/PLAN_resolution_mode_switch.md,True,direct,Simulation_Resolution,False
docs/docs_EXPLANATION/Results/OpenUBEM_results_Resolution.md,docs/docs_DONE/SETUP/Simulation_Resolution/resolution_sets/SIMULATION_RESOLUTION_zoning_by_building.md,True,direct,Simulation_Resolution,False
docs/docs_EXPLANATION/Results/OpenUBEM_results_Resolution.md,docs/docs_DONE/SETUP/layoutAssigner/figures/OpenUBEM_results_LayoutAssigner.md,True,direct,layoutAssigner,False
docs/docs_EXPLANATION/Results/OpenUBEM_results_Resolution.md,docs/docs_DONE/SETUP/layoutAssigner/figures/README.md,True,direct,layoutAssigner,False
docs/docs_EXPLANATION/Results/OpenUBEM_results_Resolution.md,docs/docs_DONE/SETUP/layoutAssigner/figures/layout_assign_vs_modes_cluster_success.png,True,direct,layoutAssigner,False
docs/docs_EXPLANATION/Results/OpenUBEM_results_Resolution.md,docs/docs_DONE/SETUP/layoutAssigner/figures/layout_assign_vs_modes_zone_fidelity.png,True,direct,layoutAssigner,False
docs/docs_EXPLANATION/Results/OpenUBEM_results_Resolution.md,docs/docs_EXPLANATION/OpenUBEM_fundamentals.md,True,direct,docs_EXPLANATION,False
docs/docs_EXPLANATION/simulated_vs_reconstructed_methodology.md,docs/docs_DONE/LOADS & SCHEDULES/hvac-ServiceLoads/REPORT_phaseE_final.md,True,direct,hvac-ServiceLoads,False
docs/docs_EXPLANATION/simulated_vs_reconstructed_methodology.md,docs/docs_DONE/LOADS & SCHEDULES/hvac-ServiceLoads/validation-investigate/INVESTIGATION_phaseD2_vs_phaseE_why_D2_closer.md,True,direct,hvac-ServiceLoads,False
docs/docs_EXPLANATION/simulated_vs_reconstructed_methodology.md,docs/implementation/serviceLoads/SERVICE_LOADS_coefficients.md,True,filename,serviceLoads,False
docs/docs_EXPLANATION/simulated_vs_reconstructed_methodology.md,docs/validations/overAll/V16_service_loads_reconstruction.md,True,filename,docs_VALIDATION,False
docs/docs_EXPLANATION/simulated_vs_reconstructed_methodology.md,docs/validations/overAll/results/r7_service_loads.csv,True,filename,docs_VALIDATION,False
docs/docs_REPORTS/REPORT_phaseE_final.md,docs/docs_DONE/LOADS & SCHEDULES/hvac-ServiceLoads/implementation/PLAN_phaseE_full_realism.md,True,direct,hvac-ServiceLoads,False
docs/PROJECT_CHECKLIST.md,docs/docs_ACTIVE/3D/debug/PLAN_3dviz_debug_representation.md,True,filename,3D-visualization,False
docs/PROJECT_CHECKLIST.md,docs/docs_ACTIVE/hvac-ServiceLoads/PLAN_phaseE_full_realism.md,True,filename,hvac-ServiceLoads,False
docs/PROJECT_CHECKLIST.md,docs/docs_ACTIVE/hvac-ServiceLoads/pilot/RESULT_phaseE_CPD_gonogo.md,True,filename,hvac-ServiceLoads,False
docs/PROJECT_CHECKLIST.md,docs/docs_ACTIVE/hvac-ServiceLoads/remediation/PLAN_phaseE_CPD_remediation.md,True,filename,hvac-ServiceLoads,False
docs/PROJECT_CHECKLIST.md,docs/docs_ACTIVE/misclassification/PLAN_archetype_threshold_fix_E-R3-3.md,True,filename,misclassification,False
docs/PROJECT_CHECKLIST.md,docs/docs_ACTIVE/openings/INVESTIGATION_open-items-register.md,True,direct,openings,False
docs/PROJECT_CHECKLIST.md,docs/docs_ACTIVE/openings/extra/MEASUREMENT_open-05_defect-id-sweep.md,True,direct,openings,False
docs/PROJECT_CHECKLIST.md,docs/docs_ACTIVE/openings/implemenation/PLAN_compute-queue.md,True,direct,openings,True
docs/PROJECT_CHECKLIST.md,docs/docs_ACTIVE/openings/implemenation/PLAN_e02-audit-and-closure.md,True,direct,openings,True
docs/PROJECT_CHECKLIST.md,docs/docs_ACTIVE/openings/implemenation/PLAN_no-compute-queue.md,True,direct,openings,False
docs/PROJECT_CHECKLIST.md,docs/docs_ACTIVE/openings/prompts/DIRECTOR_PROMPT_openings_2026-08-05.md,True,filename,openings,False
docs/PROJECT_CHECKLIST.md,docs/docs_ACTIVE/openings/prompts/DIRECTOR_PROMPT_openings_2026-08-11.md,True,direct,openings,True
docs/PROJECT_CHECKLIST.md,docs/docs_ACTIVE/phaseC_combinedResim/PLAN_geometry_generation_drops.md,True,filename,phaseC_combinedResim,False
docs/PROJECT_CHECKLIST.md,docs/docs_ACTIVE/phaseC_combinedResim/PLAN_phaseC_geometry_fixbatch.md,True,filename,phaseC_combinedResim,False
docs/PROJECT_CHECKLIST.md,docs/docs_ACTIVE/phaseC_combinedResim/phaseD_realHVAC/PLAN_phaseD_real_hvac_resim.md,True,filename,phaseC_combinedResim,False
docs/PROJECT_CHECKLIST.md,docs/docs_ACTIVE/phaseC_combinedResim/phaseD_realHVAC/REPORT_phaseD_final.md,True,filename,phaseC_combinedResim,False
docs/PROJECT_CHECKLIST.md,docs/docs_ACTIVE/simulation-Resolution/PLAN_resolution_mode_switch.md,True,filename,Simulation_Resolution,False
docs/PROJECT_CHECKLIST.md,docs/docs_ACTIVE/simulation-Resolution/layoutAssigner/COMPLETION_REPORT.md,True,filename,layoutAssigner,False
docs/PROJECT_CHECKLIST.md,docs/docs_ACTIVE/simulation-Resolution/layoutAssigner/debug/PLAN_debug_implementation.md,True,filename,layoutAssigner,False
docs/PROJECT_CHECKLIST.md,docs/docs_ACTIVE/simulation-Resolution/layoutAssigner/debug/storey-Matching/PLAN_storey-matching_implementation.md,True,filename,layoutAssigner,False
docs/PROJECT_CHECKLIST.md,docs/docs_ACTIVE/simulation-Resolution/layoutAssigner/e-la-20/PLAN_e-la-20_investigation.md,True,filename,layoutAssigner,False
docs/PROJECT_CHECKLIST.md,docs/docs_ACTIVE/simulation-Resolution/layoutAssigner/e-la-20/PLAN_e-la-20_multilayer-fix.md,True,filename,layoutAssigner,False
docs/PROJECT_CHECKLIST.md,docs/docs_ACTIVE/simulation-Resolution/layoutAssigner/prompt/DIRECTOR_PROMPT_post-e-la-20_2026-07-25.md,True,filename,layoutAssigner,False
docs/PROJECT_CHECKLIST.md,docs/docs_ACTIVE/simulation-Resolution/layoutAssigner/prompt/DIRECTOR_PROMPT_storey-matching-closure_2026-07-27.md,True,filename,layoutAssigner,False
docs/PROJECT_CHECKLIST.md,docs/docs_ACTIVE/simulation-Resolution/layoutAssigner/structural-fixes/PLAN_structural-fixes_implementation.md,True,filename,layoutAssigner,False
docs/PROJECT_CHECKLIST.md,docs/docs_ACTIVE/simulation-Resolution/layoutgenerator/PLAN_layoutgenerator_implementation.md,True,filename,layoutgenerator,False
docs/PROJECT_CHECKLIST.md,docs/docs_DONE/OUTDOOR/UTCI/UTCI_CHECKLIST.md,True,direct,UTCI,False
docs/PROJECT_CHECKLIST.md,docs/docs_DONE/OUTDOOR/UTCI/e-utci-09/COMPLETION_REPORT_e-utci-09-investigation.md,True,direct,UTCI,False
docs/PROJECT_CHECKLIST.md,docs/docs_DONE/OUTDOOR/UTCI/e-utci-09/PLAN_e-utci-09_investigation.md,True,direct,UTCI,False
docs/PROJECT_CHECKLIST.md,docs/docs_DONE/OUTDOOR/UTCI/implementation/PLAN_utci_microclimate_implementation.md,True,direct,UTCI,False
docs/PROJECT_CHECKLIST.md,docs/docs_DONE/OUTDOOR/UTCI/implementation/sub-plans/DONE-PLAN_e-utci-09_height_backfill.md,True,direct,UTCI,False
docs/PROJECT_CHECKLIST.md,docs/docs_DONE/OUTDOOR/UTCI/prompt/KICKOFF_utci_full_arc.md,True,filename,UTCI,False
docs/PROJECT_CHECKLIST.md,docs/docs_DONE/OUTDOOR/UTCI/results/OpenUBEM_results_UTCI_microclimate.md,True,direct,UTCI,False
docs/PROJECT_CHECKLIST.md,docs/docs_EXPLANATION/OpenUBEM_fundamentals.md,True,direct,docs_EXPLANATION,False
docs/PROJECT_CHECKLIST.md,docs/docs_EXPLANATION/OpenUBEM_outdoor_analysis_reference.md,True,direct,docs_EXPLANATION,False
docs/PROJECT_CHECKLIST.md,docs/docs_EXPLANATION/OpenUBEM_results_archetypeClassification.md,True,filename,docs_EXPLANATION,False
docs/PROJECT_CHECKLIST.md,docs/docs_TODO/mixed_use_classification.md,True,direct,mixed_use_classification.md,False
docs/PROJECT_CHECKLIST.md,docs/docs_VALIDATION/overAll/V19_phaseC_rescore.md,True,filename,docs_VALIDATION,False
